Rk,Player,Pos,Age,Tm,G,MP,PER,TS%,3PAr,FTr,ORB%,DRB%,TRB%,AST%,STL%,BLK%,TOV%,USG%,,OWS,DWS,WS,WS/48,,OBPM,DBPM,BPM,VORP,Player-additional
1,Precious Achiuwa,C,23,TOR,12,245,13.9,.493,.304,.359,10.4,29.5,19.3,9.5,0.4,2.9,12.3,20.9,,0.1,0.3,0.3,.065,,-2.0,-1.8,-3.8,-0.1,achiupr01
2,Steven Adams,C,29,MEM,21,568,16.4,.549,.008,.504,20.0,23.7,21.9,11.5,1.5,3.5,23.8,14.2,,0.4,0.8,1.2,.102,,-1.1,0.2,-0.9,0.2,adamsst01
3,Bam Adebayo,C,25,MIA,21,734,19.3,.593,.028,.351,7.6,22.8,15.0,16.4,1.5,2.4,15.1,26.2,,0.8,1.0,1.9,.123,,-0.1,0.8,0.7,0.5,adebaba01
4,Ochai Agbaji,SG,22,UTA,8,72,9.1,.519,.333,.333,6.2,9.1,7.6,1.9,0.7,0.0,0.0,14.0,,0.1,0.0,0.1,.068,,-3.6,-2.6,-6.2,-0.1,agbajoc01
5,Santi Aldama,PF,22,MEM,21,530,14.1,.554,.479,.233,6.7,16.9,11.8,6.1,1.6,3.6,6.7,14.9,,0.7,0.7,1.4,.128,,-0.6,1.1,0.5,0.3,aldamsa01
6,Nickeil Alexander-Walker,SG,24,UTA,15,158,10.4,.509,.500,.161,2.1,7.6,4.9,18.6,2.4,2.0,15.5,18.8,,0.0,0.1,0.2,.046,,-2.9,-0.1,-3.1,0.0,alexani01
7,Grayson Allen,SG,27,MIL,19,515,14.6,.653,.629,.336,3.4,9.9,6.7,13.3,1.5,0.8,13.0,15.1,,1.1,0.6,1.7,.159,,0.8,0.7,1.6,0.5,allengr01
8,Jarrett Allen,C,24,CLE,17,544,18.2,.626,.013,.325,11.3,28.3,20.0,6.2,0.8,3.6,13.7,17.4,,1.0,1.1,2.0,.178,,0.4,1.3,1.7,0.5,allenja01
9,Jose Alvarado,PG,24,NOP,22,460,13.8,.565,.516,.112,2.4,10.1,6.3,22.3,2.7,0.8,15.5,18.4,,0.4,0.7,1.1,.114,,-0.9,1.3,0.4,0.3,alvarjo01
10,Kyle Anderson,PF,29,MIN,17,367,13.3,.589,.256,.317,3.7,15.9,10.0,16.8,2.1,3.2,18.4,13.1,,0.3,0.5,0.8,.102,,-0.5,1.6,1.1,0.3,anderky01
11,Giannis Antetokounmpo,PF,28,MIL,18,593,29.3,.587,.152,.573,6.9,28.6,18.0,33.5,1.2,2.5,12.1,39.4,,1.4,1.1,2.5,.206,,6.0,2.5,8.5,1.6,antetgi01
12,Thanasis Antetokounmpo,SF,30,MIL,10,25,3.2,.000,.000,.000,8.7,24.9,16.9,9.4,0.0,3.3,66.7,5.1,,0.0,0.0,0.0,-0.004,,-6.9,1.0,-5.9,0.0,antetth01
13,Cole Anthony,PG,22,ORL,6,174,16.3,.570,.352,.310,2.0,16.9,9.6,20.1,2.0,2.2,12.0,23.0,,0.2,0.2,0.4,.106,,0.2,1.3,1.5,0.2,anthoco01
14,OG Anunoby,SF,25,TOR,22,801,16.0,.566,.309,.239,4.2,14.9,9.2,9.3,3.1,2.5,13.5,22.2,,0.4,1.1,1.5,.092,,-0.2,0.9,0.7,0.6,anunoog01
15,Ryan Arcidiacono,PG,28,NYK,6,16,-0.6,.000,.667,.000,0.0,13.2,6.5,14.4,6.0,0.0,25.0,10.4,,-0.1,0.0,0.0,-0.132,,-12.4,4.6,-7.8,0.0,arcidry01
16,Deni Avdija,SF,22,WAS,23,542,9.5,.495,.395,.237,4.3,18.1,11.4,13.5,1.4,2.6,16.0,16.1,,-0.2,0.6,0.4,.036,,-3.9,0.4,-3.5,-0.2,avdijde01
17,Deandre Ayton,C,24,PHO,20,587,21.1,.635,.051,.228,11.5,26.0,18.7,11.2,0.9,2.4,13.0,21.8,,1.3,0.9,2.2,.178,,1.8,0.1,1.9,0.6,aytonde01
18,Udoka Azubuike,C,23,UTA,9,35,26.2,.752,.000,.750,12.7,37.3,25.2,12.5,2.7,4.6,15.8,15.1,,0.1,0.1,0.2,.236,,3.8,2.7,6.5,0.1,azubuud01
19,Marvin Bagley III,PF,23,DET,11,273,20.2,.645,.176,.265,10.5,20.8,15.5,4.9,1.8,2.3,11.6,20.0,,0.6,0.2,0.8,.135,,1.5,-0.7,0.8,0.2,baglema01
20,Patrick Baldwin Jr.,SF,20,GSW,4,24,13.2,.500,.800,.000,0.0,26.8,13.8,0.0,5.8,0.0,9.1,19.2,,0.0,0.1,0.0,.033,,-1.6,2.2,0.6,0.0,baldwpa01
21,LaMelo Ball,PG,21,CHO,3,98,13.8,.525,.604,.094,0.0,12.5,6.0,34.9,1.5,0.9,16.6,28.2,,0.0,0.1,0.0,.018,,0.3,-3.3,-2.9,0.0,ballla01
22,Mo Bamba,C,24,ORL,19,355,15.2,.588,.471,.261,7.3,20.4,14.0,9.5,0.7,4.0,11.4,18.4,,0.5,0.3,0.8,.104,,-0.2,-0.3,-0.5,0.1,bambamo01
23,Paolo Banchero,PF,20,ORL,16,559,17.7,.552,.211,.485,3.4,18.4,11.0,17.6,1.0,1.7,12.5,29.2,,0.4,0.4,0.7,.064,,0.7,-1.6,-0.9,0.1,banchpa01
24,Desmond Bane,SG,24,MEM,12,403,21.3,.622,.479,.268,1.6,14.1,7.7,22.3,0.8,0.7,10.2,26.9,,1.3,0.3,1.6,.188,,5.3,-0.6,4.7,0.7,banede01
25,Dalano Banton,PG,23,TOR,17,182,18.9,.525,.441,.172,4.6,11.2,7.7,19.4,3.0,5.5,9.1,25.5,,0.2,0.3,0.5,.121,,1.7,1.3,3.0,0.2,bantoda01
26,Dominick Barlow,SF,19,SAS,3,22,15.2,.515,.500,.667,9.4,5.4,7.5,17.5,2.1,0.0,0.0,14.6,,0.1,0.0,0.1,.151,,-0.5,-0.1,-0.6,0.0,barlodo01
27,Harrison Barnes,PF,30,SAC,20,610,14.6,.624,.381,.589,4.3,16.2,10.4,8.4,1.3,0.4,9.8,16.3,,1.2,0.5,1.7,.131,,0.1,-0.6,-0.4,0.2,barneha02
28,Scottie Barnes,PF,21,TOR,19,621,14.3,.500,.292,.144,5.8,17.0,11.1,23.3,1.3,2.8,15.3,21.3,,0.0,0.6,0.7,.051,,0.6,-0.6,0.0,0.3,barnesc01
29,RJ Barrett,SG,22,NYK,22,750,12.0,.508,.341,.330,2.9,13.3,8.0,13.2,0.6,0.2,10.8,25.3,,0.0,0.3,0.3,.020,,-1.3,-2.3,-3.6,-0.3,barrerj01
30,Will Barton,SG,32,WAS,23,509,9.5,.474,.449,.136,1.3,14.1,7.8,15.2,1.4,1.0,11.4,18.1,,-0.3,0.4,0.2,.015,,-2.8,-0.6,-3.5,-0.2,bartowi01
31,Charles Bassey,C,22,SAS,13,194,18.5,.688,.130,.348,13.4,31.8,22.0,13.8,1.5,6.2,25.3,15.1,,0.2,0.2,0.5,.117,,-1.4,1.8,0.4,0.1,bassech01
32,Keita Bates-Diop,SF,27,SAS,21,368,14.1,.582,.222,.238,7.3,11.6,9.3,6.2,1.7,0.9,10.9,17.5,,0.4,0.1,0.5,.061,,-0.6,-1.9,-2.5,0.0,bateske01
33,Nicolas Batum,PF,34,LAC,23,435,9.9,.560,.741,.188,4.3,18.5,11.8,9.7,1.3,3.9,16.4,11.1,,0.1,0.7,0.9,.095,,-2.5,2.4,-0.1,0.2,batumni01
34,Darius Bazley,PF,22,OKC,17,265,14.7,.498,.301,.313,7.3,19.7,13.3,9.0,1.6,7.3,10.4,16.6,,0.1,0.4,0.5,.083,,-1.4,1.4,0.0,0.1,bazleda01
35,Bradley Beal,SG,29,WAS,17,627,20.8,.616,.295,.265,2.7,8.7,5.8,25.7,1.6,1.5,13.3,26.8,,1.2,0.5,1.7,.134,,3.7,-1.0,2.7,0.7,bealbr01
36,Malik Beasley,SG,26,UTA,25,665,14.2,.568,.699,.068,2.8,13.4,8.2,8.3,1.8,0.5,7.4,20.4,,0.7,0.5,1.3,.091,,1.4,-0.9,0.6,0.4,beaslma01
37,MarJon Beauchamp,SF,22,MIL,15,232,6.1,.479,.526,.128,6.5,13.4,10.0,3.6,1.5,0.7,17.9,18.2,,-0.4,0.3,0.0,-0.008,,-6.1,-0.8,-6.9,-0.3,beaucma01
38,Dāvis Bertāns,PF,30,DAL,7,54,12.5,.637,.762,.190,2.2,9.1,5.6,11.7,0.0,0.0,8.1,20.9,,0.1,0.0,0.1,.119,,0.4,-1.5,-1.1,0.0,bertada01
39,Patrick Beverley,PG,34,LAL,16,429,5.5,.419,.658,.224,2.5,12.6,7.7,12.0,1.4,1.3,15.2,9.6,,-0.2,0.4,0.2,.026,,-5.4,1.4,-4.0,-0.2,beverpa01
40,Saddiq Bey,SF,23,DET,20,599,12.9,.543,.473,.362,3.9,13.2,8.4,7.3,1.3,0.6,9.1,20.2,,0.5,0.1,0.6,.048,,-0.6,-1.5,-2.1,0.0,beysa01
41,Khem Birch,C,30,TOR,12,85,11.3,.662,.056,.111,6.2,9.9,7.9,6.6,2.3,1.2,13.7,10.8,,0.1,0.1,0.2,.119,,-3.8,1.2,-2.5,0.0,birchkh01
42,Goga Bitadze,C,23,IND,14,142,14.2,.565,.256,.462,12.0,14.0,13.0,14.0,2.0,5.1,17.6,16.4,,0.1,0.2,0.3,.098,,-3.2,1.4,-1.9,0.0,bitadgo01
43,Bismack Biyombo,C,30,PHO,18,222,11.9,.514,.000,.362,8.1,24.3,16.1,9.1,1.3,10.7,25.9,14.1,,-0.2,0.5,0.3,.062,,-5.4,3.8,-1.6,0.0,biyombi01
44,Buddy Boeheim,PG,23,DET,1,1,0.0,,,,0.0,0.0,0.0,0.0,0.0,0.0,,0.0,,0.0,0.0,0.0,-0.027,,-8.0,-2.3,-10.3,0.0,boehebu01
45,Bogdan Bogdanović,SG,30,ATL,1,22,-10.4,.278,.667,.000,0.0,9.9,4.9,5.7,0.0,0.0,30.8,24.9,,-0.2,0.0,-0.2,-0.378,,-16.4,-6.7,-23.0,-0.1,bogdabo01
46,Bojan Bogdanović,PF,33,DET,23,735,17.9,.648,.416,.360,1.7,11.6,6.5,13.3,0.7,0.0,12.4,24.2,,1.6,0.0,1.6,.103,,3.0,-1.9,1.1,0.6,bogdabo02
47,Bol Bol,PF,23,ORL,23,619,18.4,.664,.224,.214,6.1,26.6,16.6,5.7,0.8,6.9,17.6,18.8,,0.6,0.8,1.4,.109,,0.6,0.7,1.2,0.5,bolbo01
48,Leandro Bolmaro,SG,22,UTA,4,23,0.6,.286,.286,.000,4.8,0.0,2.4,16.3,4.2,3.5,30.0,18.2,,-0.1,0.0,-0.1,-0.156,,-10.2,-0.4,-10.6,-0.1,bolmale01
49,Devin Booker,SG,26,PHO,22,801,24.5,.606,.299,.316,2.8,13.6,8.2,26.4,1.5,1.1,9.8,31.6,,2.6,0.9,3.5,.209,,6.0,-0.1,5.9,1.6,bookede01
50,Brandon Boston Jr.,SG,21,LAC,6,39,12.2,.484,.227,.182,6.0,5.4,5.7,4.4,1.3,0.0,4.0,28.0,,0.0,0.0,0.0,.003,,-0.9,-2.2,-3.1,0.0,bostobr01
51,Chris Boucher,PF,30,TOR,18,425,17.5,.554,.344,.419,10.4,19.8,14.8,3.9,1.7,3.6,6.9,20.2,,0.7,0.5,1.2,.141,,0.1,-0.9,-0.8,0.1,bouchch01
52,James Bouknight,SG,22,CHO,19,327,5.1,.417,.522,.142,1.6,13.7,7.4,11.0,1.3,1.1,13.0,17.6,,-0.6,0.3,-0.3,-0.046,,-6.2,-0.9,-7.1,-0.4,bouknja01
53,Tony Bradley,C,25,CHI,6,15,24.2,.717,.500,.500,7.3,45.6,26.0,0.0,3.2,0.0,0.0,13.9,,0.1,0.0,0.1,.280,,6.5,0.0,6.5,0.0,bradlto01
54,Malaki Branham,SF,19,SAS,10,163,4.5,.427,.582,.145,1.3,10.9,5.8,14.5,0.6,0.5,14.6,17.4,,-0.2,0.0,-0.2,-0.073,,-5.3,-2.5,-7.8,-0.2,branhma01
55,Christian Braun,SG,21,DEN,20,265,8.2,.478,.351,.228,5.7,13.1,9.4,7.0,1.5,1.1,8.7,11.2,,0.1,0.2,0.3,.047,,-3.2,-0.5,-3.6,-0.1,braunch01
56,Mikal Bridges,SF,26,PHO,22,821,16.2,.615,.308,.194,3.6,13.0,8.2,12.4,1.6,2.5,8.3,16.2,,1.7,1.0,2.7,.157,,1.5,0.9,2.4,0.9,bridgmi01
57,Oshae Brissett,SF,24,IND,17,243,11.1,.556,.600,.431,5.3,13.6,9.4,3.9,2.1,1.1,8.3,14.2,,0.2,0.2,0.4,.082,,-1.5,0.1,-1.4,0.0,brissos01
58,Malcolm Brogdon,PG,30,BOS,19,433,19.4,.630,.390,.283,4.9,14.6,9.9,22.7,1.1,0.8,15.0,25.2,,1.0,0.4,1.3,.147,,3.6,-0.9,2.7,0.5,brogdma01
59,Dillon Brooks,SG,27,MEM,19,590,11.8,.493,.380,.182,2.8,10.0,6.4,13.7,1.4,0.3,8.5,25.2,,0.1,0.4,0.5,.044,,-2.2,-1.0,-3.2,-0.2,brookdi01
60,Bruce Brown,PG,26,DEN,22,653,13.7,.558,.359,.115,4.1,13.1,8.6,20.7,1.8,1.6,15.1,17.2,,0.7,0.5,1.2,.089,,-0.6,0.0,-0.6,0.2,brownbr01
61,Greg Brown III,PF,21,POR,5,30,7.1,.379,.182,.455,3.8,3.8,3.8,0.0,5.0,12.2,18.5,23.7,,-0.2,0.1,-0.1,-0.149,,-8.7,2.0,-6.7,0.0,browngr01
62,Jaylen Brown,SF,26,BOS,21,746,20.0,.610,.346,.268,3.2,18.6,11.1,16.5,1.3,0.7,13.4,31.4,,0.9,0.7,1.7,.107,,1.9,-1.2,0.8,0.5,brownja02
63,Kendall Brown,SG,19,IND,3,15,23.7,1.000,.000,.000,0.0,7.4,3.6,10.3,9.3,0.0,0.0,8.2,,0.1,0.0,0.1,.290,,-0.4,9.8,9.4,0.0,brownke03
64,Moses Brown,C,23,LAC,15,83,24.9,.628,.000,1.167,17.0,24.3,20.8,2.1,0.6,4.4,6.2,25.7,,0.3,0.1,0.4,.232,,0.4,-0.2,0.2,0.0,brownmo01
65,Troy Brown Jr.,SF,23,LAL,18,469,9.2,.551,.460,.089,4.1,15.2,9.8,4.8,1.5,0.2,12.3,13.2,,0.1,0.5,0.5,.055,,-2.9,0.2,-2.7,-0.1,browntr01
66,Jalen Brunson,PG,26,NYK,22,716,21.7,.588,.267,.330,1.6,9.9,5.7,31.6,1.6,0.5,8.3,25.2,,2.3,0.4,2.7,.180,,4.1,-0.1,4.0,1.1,brunsja01
67,Thomas Bryant,C,25,LAL,7,92,26.6,.768,.125,.500,7.0,26.5,17.0,9.0,0.0,4.4,4.9,18.7,,0.4,0.1,0.5,.284,,3.4,1.3,4.8,0.2,bryanth01
68,Reggie Bullock,SF,31,DAL,20,553,4.5,.430,.822,.121,1.9,11.1,6.4,4.9,1.5,0.3,6.6,9.9,,-0.3,0.5,0.2,.014,,-4.7,0.0,-4.7,-0.4,bullore01
69,Alec Burks,SG,31,DET,11,226,19.4,.595,.459,.532,1.4,12.0,6.6,13.9,2.4,0.4,8.2,27.5,,0.5,0.1,0.6,.132,,1.7,-0.2,1.5,0.2,burksal01
70,Jimmy Butler,SF,33,MIA,14,500,24.2,.612,.162,.528,7.1,16.3,11.6,26.8,2.4,0.8,9.3,23.5,,1.7,0.7,2.4,.232,,4.9,1.7,6.6,1.1,butleji01
71,John Butler,C,20,POR,4,15,8.1,.333,.667,.000,7.7,7.6,7.6,9.0,0.0,6.1,0.0,8.8,,0.0,0.0,0.0,.028,,-2.0,-0.8,-2.8,0.0,butlejo01
72,Jamal Cain,SF,23,MIA,8,93,15.0,.571,.214,.214,8.4,15.2,11.7,8.3,2.6,0.0,6.1,15.4,,0.1,0.1,0.3,.138,,-2.2,1.8,-0.4,0.0,cainja01
73,Kentavious Caldwell-Pope,SG,29,DEN,21,656,11.7,.618,.542,.169,1.9,9.2,5.5,8.9,1.9,1.3,12.0,14.3,,0.7,0.5,1.1,.083,,-0.9,-0.5,-1.4,0.1,caldwke01
74,Facundo Campazzo,PG,31,DAL,8,52,8.3,.360,.846,.154,0.0,4.7,2.3,23.3,5.8,0.0,17.8,14.8,,-0.1,0.1,0.0,.004,,-4.7,3.6,-1.1,0.0,campafa01
75,Vlatko Čančar,PF,25,DEN,14,176,14.2,.634,.517,.117,2.0,13.1,7.5,10.2,1.7,2.1,11.3,17.5,,0.2,0.1,0.4,.106,,0.3,-0.4,-0.2,0.1,cancavl01
76,Clint Capela,C,28,ATL,21,584,21.1,.612,.000,.229,16.6,30.3,23.4,3.9,1.1,4.3,8.4,15.5,,1.4,1.0,2.4,.197,,1.6,0.2,1.7,0.5,capelca01
77,Vernon Carey Jr.,C,21,WAS,3,5,-29.6,.000,.000,.000,0.0,21.4,10.9,0.0,0.0,0.0,33.3,26.3,,-0.1,0.0,-0.1,-0.668,,-32.0,-9.9,-42.0,-0.1,careyve01
78,Jevon Carter,PG,27,MIL,21,569,11.6,.559,.510,.083,2.5,7.8,5.2,16.6,2.5,2.2,15.1,14.2,,0.4,0.9,1.3,.107,,-2.0,2.2,0.2,0.3,carteje01
79,Wendell Carter Jr.,C,23,ORL,15,493,17.6,.624,.308,.408,7.6,23.8,15.9,15.6,0.8,1.5,16.4,21.1,,0.9,0.4,1.2,.121,,0.9,-0.1,0.8,0.3,cartewe01
80,Alex Caruso,PG,28,CHI,22,563,10.4,.571,.579,.326,1.7,10.3,5.9,18.4,2.5,2.6,22.2,10.6,,0.3,0.7,1.0,.085,,-2.4,2.8,0.4,0.3,carusal01
81,Julian Champagnie,SF,21,PHI,2,7,-3.8,.000,.500,.000,0.0,0.0,0.0,0.0,7.1,0.0,0.0,12.8,,0.0,0.0,0.0,-0.214,,-12.1,-1.3,-13.4,0.0,champju02
82,Justin Champagnie,SF,21,TOR,2,9,31.2,1.000,.000,.000,11.7,26.7,18.8,0.0,0.0,0.0,0.0,14.0,,0.0,0.0,0.1,.300,,7.2,0.4,7.6,0.0,champju01
83,Kennedy Chandler,PG,20,MEM,8,79,6.1,.332,.259,.259,2.6,10.8,6.7,26.0,2.4,2.3,18.9,19.2,,-0.2,0.1,-0.1,-0.067,,-5.8,-0.3,-6.1,-0.1,chandke01
84,Max Christie,SG,19,LAL,10,112,8.6,.565,.696,.174,1.0,19.1,10.2,5.7,1.3,0.0,7.5,10.0,,0.1,0.1,0.2,.076,,-2.5,0.1,-2.4,0.0,chrisma02
85,Josh Christopher,SG,21,HOU,16,110,7.1,.481,.318,.091,4.9,14.0,9.4,12.9,1.7,0.0,20.8,21.6,,-0.2,0.1,-0.2,-0.066,,-5.7,-1.8,-7.5,-0.2,chrisjo01
86,Brandon Clarke,PF,26,MEM,22,411,17.1,.628,.044,.341,6.4,18.7,12.5,9.6,0.8,4.7,13.4,17.8,,0.7,0.5,1.2,.139,,-0.9,1.4,0.5,0.3,clarkbr01
87,Jordan Clarkson,SG,30,UTA,25,806,15.1,.556,.475,.209,3.9,9.3,6.6,22.4,0.5,0.9,13.2,26.3,,0.9,0.3,1.2,.072,,1.7,-2.5,-0.7,0.2,clarkjo01
88,Nic Claxton,C,23,BRK,23,634,20.5,.700,.006,.349,11.2,23.4,17.7,6.9,1.2,6.9,13.7,16.0,,1.4,1.1,2.5,.188,,0.4,1.2,1.6,0.6,claxtni01
89,Amir Coffey,SG,25,LAC,20,280,8.8,.527,.279,.590,3.8,4.9,4.4,12.7,0.9,0.6,11.5,13.7,,0.2,0.2,0.4,.075,,-4.0,-0.1,-4.1,-0.1,coffeam01
90,John Collins,PF,25,ATL,22,693,13.5,.568,.343,.272,4.0,21.7,12.8,5.4,1.4,3.9,11.2,16.3,,0.4,1.0,1.5,.102,,-2.0,1.3,-0.6,0.2,collijo01
91,Zach Collins,PF,25,SAS,13,248,14.8,.571,.364,.148,8.8,23.0,15.4,19.2,1.7,4.8,21.1,19.8,,0.0,0.2,0.3,.050,,-2.8,1.2,-1.6,0.0,colliza01
92,Mike Conley,PG,35,UTA,17,497,14.8,.534,.561,.230,1.6,7.4,4.5,35.0,1.9,0.8,13.3,15.8,,1.1,0.3,1.4,.135,,1.3,0.0,1.3,0.4,conlemi01
93,Pat Connaughton,SG,30,MIL,5,83,8.2,.409,.730,.054,2.6,12.5,7.6,6.7,1.8,0.0,0.0,19.2,,-0.1,0.1,0.1,.030,,-3.5,-1.6,-5.1,-0.1,connapa01
94,Robert Covington,PF,32,LAC,14,213,11.6,.582,.667,.263,2.8,24.4,14.1,9.3,1.1,3.4,14.7,15.4,,0.1,0.4,0.5,.105,,-2.1,1.7,-0.4,0.1,covinro01
95,Torrey Craig,SF,32,PHO,21,496,13.4,.585,.519,.099,9.1,14.8,11.9,7.8,1.3,2.8,9.3,13.0,,0.8,0.6,1.4,.136,,0.2,0.5,0.7,0.3,craigto01
96,Jarrett Culver,SG,23,ATL,4,66,12.4,.487,.353,.471,8.1,24.8,16.4,7.7,2.9,1.3,16.3,15.6,,0.0,0.1,0.1,.066,,-3.3,2.0,-1.4,0.0,culveja01
97,Cade Cunningham,PG,21,DET,12,400,14.9,.492,.272,.192,3.2,17.6,10.1,31.0,1.2,1.5,13.8,29.9,,-0.3,0.2,-0.1,-0.011,,0.3,-1.1,-0.8,0.1,cunnica01
98,Seth Curry,SG,32,BRK,14,321,11.5,.583,.573,.100,1.5,9.7,5.9,15.0,1.4,1.1,14.8,18.9,,0.1,0.3,0.3,.052,,-1.1,-1.0,-2.1,0.0,curryse01
99,Stephen Curry,PG,34,GSW,21,727,27.4,.678,.569,.256,1.9,19.6,11.0,34.0,1.4,0.6,12.0,31.3,,2.9,0.8,3.7,.243,,9.1,1.0,10.1,2.2,curryst01
100,Dyson Daniels,PG,19,NOP,14,259,13.2,.599,.373,.237,3.5,20.5,12.0,16.4,1.9,1.8,14.4,12.5,,0.3,0.4,0.8,.142,,-1.4,2.3,1.0,0.2,daniedy01
101,Anthony Davis,C,29,LAL,19,655,30.6,.643,.071,.432,10.6,27.0,19.0,13.7,1.9,5.6,8.6,28.2,,2.4,1.3,3.7,.271,,5.6,2.2,7.9,1.6,davisan02
102,Johnny Davis,SG,20,WAS,8,45,-0.1,.365,.182,.273,2.5,9.5,6.1,5.7,0.0,1.9,7.5,13.0,,-0.1,0.0,0.0,-0.043,,-11.3,-1.9,-13.2,-0.1,davisjo06
103,Terence Davis,SG,25,SAC,19,253,17.2,.605,.645,.150,3.8,22.0,13.1,15.1,2.6,1.3,10.9,21.5,,0.4,0.3,0.7,.133,,1.0,1.2,2.2,0.3,daviste02
104,JD Davison,PG,20,BOS,3,8,0.3,.250,.500,.000,0.0,13.8,7.1,16.5,6.1,0.0,20.0,27.6,,-0.1,0.0,0.0,-0.285,,-12.8,-0.1,-12.8,0.0,davisjd01
105,Dewayne Dedmon,C,33,MIA,19,235,20.3,.654,.275,.363,8.1,24.6,16.1,8.7,0.8,3.5,10.2,22.0,,0.6,0.3,0.9,.182,,1.3,0.7,2.0,0.2,dedmode01
106,Matthew Dellavedova,PG,32,SAC,8,52,3.3,.346,.357,.071,2.3,4.4,3.3,23.5,1.8,0.0,21.7,15.1,,-0.1,0.0,-0.1,-0.063,,-6.0,-1.2,-7.2,-0.1,dellama01
107,DeMar DeRozan,SF,33,CHI,22,765,22.3,.600,.081,.442,1.4,12.8,7.0,22.8,1.3,1.1,8.3,28.9,,2.1,0.7,2.8,.175,,2.8,0.3,3.1,1.0,derozde01
108,Moussa Diabaté,PF,21,LAC,4,35,28.4,.672,.000,.600,26.9,18.2,22.3,4.4,2.8,2.6,0.0,15.9,,0.2,0.1,0.3,.357,,4.8,0.6,5.5,0.1,diabamo01
109,Mamadi Diakite,PF,26,CLE,9,69,9.4,.632,.579,.000,1.8,13.4,7.8,4.2,1.5,4.1,20.8,15.5,,0.0,0.1,0.1,.065,,-3.4,1.8,-1.6,0.0,diakima01
110,Hamidou Diallo,SG,24,DET,23,358,11.6,.524,.111,.453,6.5,14.2,10.3,9.4,1.8,1.2,13.0,19.1,,0.0,0.2,0.2,.024,,-3.5,-0.5,-3.9,-0.2,diallha01
111,Gorgui Dieng,C,33,SAS,10,103,13.9,.563,.719,.125,9.1,20.8,14.5,23.8,0.5,4.1,19.2,16.8,,0.1,0.1,0.2,.074,,-1.1,0.9,-0.2,0.0,dienggo01
112,Ousmane Dieng,SF,19,OKC,12,190,7.7,.444,.600,.080,2.1,16.6,9.1,12.0,0.5,1.8,8.8,12.4,,-0.1,0.1,0.1,.023,,-3.3,-0.4,-3.7,-0.1,diengou01
113,Spencer Dinwiddie,PG,29,DAL,21,668,17.0,.598,.513,.174,0.9,9.9,5.3,24.9,1.7,0.6,10.9,21.8,,1.2,0.6,1.8,.129,,2.2,-0.5,1.7,0.6,dinwisp01
114,Donte DiVincenzo,SG,26,GSW,15,252,8.9,.537,.708,.169,3.2,15.3,9.4,15.0,2.2,0.7,21.4,14.8,,-0.1,0.3,0.2,.043,,-3.4,1.1,-2.3,0.0,divindo01
115,Luka Dončić,PG,23,DAL,20,751,31.3,.606,.350,.479,2.9,25.2,13.9,46.7,2.5,1.2,11.4,37.8,,2.9,1.2,4.0,.257,,8.1,2.6,10.7,2.4,doncilu01
116,Tyler Dorsey,SG,26,DAL,1,4,105.3,1.125,.250,.000,29.8,30.6,30.2,0.0,0.0,0.0,0.0,45.5,,0.1,0.0,0.1,1.776,,42.8,9.5,52.2,0.1,dorsety01
117,Luguentz Dort,SG,23,OKC,22,671,13.1,.522,.444,.271,5.2,10.2,7.6,10.4,1.9,1.0,8.0,20.1,,0.5,0.6,1.1,.079,,-1.7,-0.7,-2.4,-0.1,dortlu01
118,Ayo Dosunmu,PG,23,CHI,21,600,11.5,.607,.360,.103,2.0,11.8,6.8,14.5,1.1,1.4,15.7,15.5,,0.4,0.5,0.9,.075,,-2.0,0.4,-1.6,0.1,dosunay01
119,Devon Dotson,PG,23,WAS,2,21,3.8,.000,.333,.000,16.0,5.1,10.4,11.2,2.3,0.0,0.0,6.3,,0.0,0.0,0.0,.001,,-5.6,-2.1,-7.7,0.0,dotsode01
120,Jeff Dowtin,PG,25,TOR,8,64,13.7,.573,.235,.059,6.6,11.3,8.8,17.9,0.0,1.6,5.4,12.1,,0.1,0.0,0.2,.128,,0.0,-0.3,-0.3,0.0,dowtije01
121,Goran Dragić,PG,36,CHI,21,375,13.0,.532,.383,.169,2.9,7.9,5.3,27.2,0.8,1.0,13.6,21.9,,0.2,0.3,0.4,.055,,0.1,-1.2,-1.1,0.1,dragigo01
122,Andre Drummond,C,29,CHI,16,235,20.8,.568,.024,.294,20.9,41.2,30.8,9.0,1.8,2.8,17.2,21.2,,0.3,0.5,0.7,.150,,-0.5,-0.3,-0.7,0.1,drumman01
123,Chris Duarte,SF,25,IND,9,177,8.7,.524,.535,.169,2.4,9.4,5.8,7.3,0.3,2.0,9.5,19.5,,0.0,0.1,0.0,.011,,-2.4,-2.5,-4.9,-0.1,duartch01
124,David Duke Jr.,SG,23,BRK,13,101,5.9,.476,.114,.114,4.8,8.5,6.8,12.7,1.9,0.9,19.7,20.4,,-0.2,0.1,-0.1,-0.045,,-8.3,-1.3,-9.6,-0.2,dukeda01
125,Kevin Durant,PF,34,BRK,24,882,26.7,.665,.242,.415,1.2,18.3,10.3,25.8,0.9,4.2,12.7,31.4,,3.0,1.1,4.0,.219,,6.0,1.0,7.0,2.0,duranke01
126,Jalen Duren,C,19,DET,21,461,14.5,.582,.010,.417,14.1,20.4,17.1,3.5,1.3,3.4,14.1,13.0,,0.5,0.3,0.8,.086,,-1.8,-1.1,-2.8,-0.1,durenja01
127,Tari Eason,PF,21,HOU,22,398,16.3,.495,.263,.204,12.8,18.5,15.7,7.5,3.6,2.1,9.5,20.7,,0.3,0.5,0.8,.092,,-1.0,0.3,-0.7,0.1,easonta01
128,Anthony Edwards,SG,21,MIN,22,803,15.7,.570,.419,.272,1.8,14.9,8.6,16.2,1.9,1.0,13.4,26.7,,0.3,0.8,1.1,.066,,0.1,-0.7,-0.7,0.3,edwaran01
129,Kessler Edwards,SF,22,BRK,11,38,6.4,.349,.583,.167,6.4,8.5,7.5,6.8,2.6,2.3,7.2,16.4,,-0.1,0.0,0.0,-0.041,,-4.1,-2.2,-6.2,0.0,edwarke02
130,Keon Ellis,SG,23,SAC,1,2,-7.5,,,,0.0,0.0,0.0,0.0,0.0,0.0,,0.0,,0.0,0.0,0.0,.007,,-17.0,0.0,-16.9,0.0,elliske01
131,Joel Embiid,C,28,PHI,15,529,29.0,.620,.172,.586,5.1,27.0,16.0,27.6,1.5,4.5,13.8,37.4,,1.4,1.0,2.4,.215,,5.7,3.0,8.6,1.4,embiijo01
132,Drew Eubanks,C,25,POR,21,368,16.6,.735,.000,.515,11.0,16.4,13.7,6.8,1.2,5.2,17.4,11.7,,0.8,0.4,1.2,.160,,-0.6,1.3,0.7,0.2,eubandr01
133,Bruno Fernando,C,24,HOU,6,82,25.1,.741,.000,.261,14.6,21.5,18.0,20.3,1.8,5.7,13.5,14.8,,0.3,0.1,0.4,.242,,3.3,2.6,5.8,0.2,fernabr01
134,Dorian Finney-Smith,PF,29,DAL,21,698,9.3,.549,.687,.117,4.6,10.7,7.6,4.5,1.6,1.5,10.5,12.5,,0.2,0.7,0.9,.060,,-1.5,-0.3,-1.7,0.1,finnedo01
135,Malachi Flynn,PG,24,TOR,14,164,13.4,.563,.515,.162,1.3,11.7,6.2,16.5,1.8,0.6,9.9,20.8,,0.2,0.1,0.4,.103,,-1.2,-0.3,-1.5,0.0,flynnma01
136,Simone Fontecchio,SF,27,UTA,14,121,10.5,.572,.733,.156,4.6,9.9,7.3,5.6,0.8,2.0,12.7,19.0,,0.0,0.1,0.1,.046,,0.2,-2.0,-1.8,0.0,fontesi01
137,Bryn Forbes,SG,29,MIN,12,124,7.2,.447,.533,.156,2.7,2.6,2.6,9.7,2.7,0.0,9.4,18.0,,-0.1,0.1,0.0,-0.008,,-4.9,-0.6,-5.5,-0.1,forbebr01
138,Trent Forrest,PG,24,ATL,8,62,8.7,.500,.000,.000,3.4,8.8,6.1,17.8,1.5,0.0,16.7,8.1,,0.0,0.1,0.1,.071,,-3.9,1.1,-2.8,0.0,forretr01
139,Michael Foster Jr.,PF,20,PHI,1,1,0.0,,,,0.0,0.0,0.0,0.0,0.0,0.0,,0.0,,0.0,0.0,0.0,.017,,-7.3,-1.9,-9.3,0.0,fostemi02
140,Evan Fournier,SG,30,NYK,13,260,6.9,.474,.633,.122,0.8,10.2,5.4,11.3,1.7,1.1,12.9,17.4,,-0.2,0.2,0.0,-0.005,,-3.6,-0.2,-3.9,-0.1,fournev01
141,De'Aaron Fox,PG,25,SAC,19,605,23.2,.624,.294,.297,2.0,15.8,9.0,30.7,1.6,1.2,11.8,29.1,,1.6,0.6,2.2,.177,,4.6,0.3,4.9,1.1,foxde01
142,Markelle Fultz,SG,24,ORL,2,46,15.6,.503,.118,.118,10.2,7.4,8.8,33.9,2.1,2.1,21.9,21.7,,0.0,0.0,0.0,.038,,0.3,-0.3,0.1,0.0,fultzma01
143,Wenyen Gabriel,PF,25,LAL,19,262,16.6,.674,.182,.333,9.8,18.2,14.1,6.9,2.0,2.8,15.6,14.4,,0.5,0.4,0.9,.159,,-1.0,1.1,0.1,0.1,gabriwe01
144,Daniel Gafford,C,24,WAS,23,300,19.1,.687,.000,.652,13.8,20.3,17.1,4.3,1.3,7.2,19.1,16.0,,0.5,0.5,1.0,.158,,-1.1,0.8,-0.4,0.1,gaffoda01
145,Darius Garland,PG,23,CLE,17,607,19.5,.580,.397,.298,1.0,6.1,3.6,36.4,1.7,0.6,14.3,28.3,,1.2,0.8,2.1,.163,,4.1,-0.7,3.5,0.8,garlada01
146,Usman Garuba,PF,20,HOU,20,315,15.7,.647,.212,.462,12.8,21.0,16.8,10.2,2.9,4.5,23.3,10.6,,0.4,0.4,0.8,.124,,-0.5,2.0,1.4,0.3,garubus01
147,Luka Garza,C,24,MIN,1,1,0.0,,,,0.0,0.0,0.0,0.0,0.0,0.0,,0.0,,0.0,0.0,0.0,-0.003,,-3.6,-2.4,-6.1,0.0,garzalu01
148,Rudy Gay,SF,36,UTA,12,189,6.9,.445,.586,.103,3.5,20.2,11.9,6.8,1.3,2.5,14.2,15.6,,-0.2,0.2,0.0,-0.007,,-4.4,0.4,-4.0,-0.1,gayru01
149,Paul George,SF,32,LAC,16,549,18.8,.584,.420,.281,1.7,17.0,9.7,21.8,2.2,1.2,15.2,30.6,,0.2,0.9,1.1,.098,,1.8,1.0,2.9,0.7,georgpa01
150,Taj Gibson,PF,37,WAS,11,69,16.7,.579,.240,.320,9.7,15.5,12.7,8.6,2.1,2.5,9.5,20.0,,0.1,0.1,0.2,.146,,-1.5,0.8,-0.7,0.0,gibsota01
151,Josh Giddey,SG,20,OKC,19,579,13.0,.492,.208,.106,5.8,20.5,12.9,26.3,0.8,1.2,18.5,24.5,,-0.5,0.5,0.0,.003,,-1.7,-1.4,-3.1,-0.2,giddejo01
152,Shai Gilgeous-Alexander,SG,24,OKC,20,716,27.9,.613,.146,.435,3.0,11.7,7.2,28.6,2.3,2.9,11.1,33.1,,2.4,0.8,3.2,.216,,6.0,1.2,7.2,1.6,gilgesh01
153,Anthony Gill,PF,30,WAS,19,232,10.8,.616,.255,.277,6.8,9.2,8.0,5.8,0.8,1.5,7.1,10.7,,0.4,0.1,0.5,.110,,-2.3,-0.8,-3.1,-0.1,gillan01
154,Rudy Gobert,C,30,MIN,20,631,19.0,.685,.013,.626,13.5,27.0,20.5,3.8,1.0,3.9,13.9,15.3,,1.5,0.9,2.4,.186,,0.2,-0.4,-0.2,0.3,goberru01
155,Jordan Goodwin,PG,24,WAS,16,326,15.3,.595,.305,.195,6.5,13.8,10.2,18.7,1.8,3.2,14.4,14.0,,0.5,0.4,0.9,.129,,0.3,1.4,1.7,0.3,goodwjo01
156,Aaron Gordon,PF,27,DEN,19,547,21.6,.661,.273,.412,9.7,16.7,13.2,12.3,1.2,2.9,10.5,20.3,,1.6,0.5,2.0,.180,,3.4,-0.7,2.7,0.6,gordoaa01
157,Eric Gordon,SG,34,HOU,19,561,11.1,.584,.562,.264,1.2,5.9,3.5,12.5,1.1,1.2,15.3,17.2,,0.4,0.1,0.5,.041,,-0.7,-1.6,-2.3,0.0,gordoer01
158,Devonte' Graham,PG,27,NOP,22,357,12.3,.575,.845,.204,0.9,8.7,4.8,16.5,1.6,1.6,10.4,14.9,,0.5,0.4,0.9,.122,,0.3,0.4,0.7,0.3,grahade01
159,Jerami Grant,PF,28,POR,21,765,18.2,.613,.390,.409,2.6,10.9,6.7,12.1,1.2,2.4,9.7,24.2,,1.5,0.6,2.1,.131,,2.9,-0.6,2.4,0.8,grantje01
160,A.J. Green,SG,23,MIL,6,23,2.8,.300,1.000,.000,4.7,13.5,9.2,5.4,2.1,0.0,0.0,9.2,,0.0,0.0,0.0,.034,,-8.2,1.3,-6.8,0.0,greenaj01
161,Draymond Green,PF,32,GSW,21,648,14.1,.663,.217,.279,2.1,19.5,11.1,30.2,1.4,2.2,26.4,12.8,,1.1,0.8,1.9,.137,,-0.5,2.4,1.8,0.6,greendr01
162,Jalen Green,SG,20,HOU,22,757,14.3,.543,.434,.327,1.9,11.2,6.5,18.8,1.1,0.6,13.9,27.8,,0.3,0.2,0.5,.035,,0.3,-2.5,-2.3,-0.1,greenja05
163,JaMychal Green,PF,32,GSW,20,313,11.3,.551,.347,.137,11.0,17.1,14.2,6.0,1.8,2.3,17.3,16.3,,0.0,0.4,0.4,.064,,-3.9,-0.4,-4.3,-0.2,greenja01
164,Javonte Green,SG,29,CHI,22,361,16.3,.656,.310,.356,6.6,14.5,10.5,7.0,2.8,3.9,11.4,13.5,,0.6,0.6,1.2,.157,,-0.1,2.7,2.6,0.4,greenja02
165,Jeff Green,PF,36,DEN,16,319,11.4,.606,.225,.404,4.3,10.5,7.4,7.9,0.9,0.9,13.2,16.4,,0.3,0.2,0.5,.076,,-2.7,-1.4,-4.0,-0.2,greenje02
166,Josh Green,SG,22,DAL,21,406,13.6,.743,.575,.463,5.3,8.4,6.8,6.5,2.4,0.2,13.5,12.5,,0.9,0.4,1.3,.154,,-0.7,1.0,0.3,0.2,greenjo02
167,AJ Griffin,SF,19,ATL,19,356,15.8,.602,.514,.047,4.5,7.1,5.8,5.7,2.7,0.2,8.5,19.5,,0.4,0.4,0.8,.112,,1.1,0.9,2.0,0.4,griffaj01
168,Blake Griffin,PF,33,BOS,8,100,11.2,.619,.417,.250,9.5,17.7,13.7,7.9,1.0,0.0,15.8,14.0,,0.1,0.1,0.2,.111,,-2.4,-1.1,-3.5,0.0,griffbl01
169,Quentin Grimes,SG,22,NYK,12,225,9.7,.557,.596,.088,3.2,11.3,7.2,13.0,1.1,1.2,10.6,12.2,,0.2,0.1,0.4,.075,,-2.0,0.0,-2.0,0.0,grimequ01
170,Rui Hachimura,PF,24,WAS,16,376,13.0,.542,.228,.184,3.6,18.5,11.2,7.0,0.7,1.8,11.4,22.4,,-0.1,0.3,0.2,.028,,-1.8,-1.5,-3.3,-0.1,hachiru01
171,Tyrese Haliburton,PG,22,IND,22,731,22.4,.578,.467,.185,2.5,13.0,7.6,51.2,2.6,0.7,13.8,23.5,,2.1,0.7,2.8,.184,,5.7,0.5,6.2,1.5,halibty01
172,Jordan Hall,SF,21,SAS,9,83,5.7,.438,.536,.321,3.7,12.9,8.0,17.4,0.6,0.0,18.0,19.4,,-0.1,0.0,-0.1,-0.072,,-4.5,-3.3,-7.8,-0.1,halljo02
173,R.J. Hampton,PG,21,ORL,19,312,13.7,.575,.461,.284,3.0,8.0,5.5,14.4,2.5,1.2,14.2,18.7,,0.3,0.2,0.5,.076,,-1.0,0.2,-0.9,0.1,hamptrj01
174,Tim Hardaway Jr.,SG,30,DAL,20,499,10.9,.487,.658,.201,1.2,10.0,5.6,12.3,1.5,0.7,7.0,23.4,,-0.2,0.4,0.2,.019,,-1.4,-1.4,-2.8,-0.1,hardati02
175,James Harden,SG,33,PHI,9,331,23.2,.591,.420,.392,1.8,20.3,11.1,43.7,1.5,1.7,13.4,26.2,,1.0,0.5,1.4,.208,,4.9,0.9,5.9,0.7,hardeja01
176,Jaden Hardy,SG,20,DAL,3,10,-28.0,.000,.400,.000,0.0,24.4,12.1,12.5,0.0,0.0,28.6,31.9,,-0.2,0.0,-0.2,-0.775,,-26.1,-7.5,-33.6,-0.1,hardyja02
177,Ron Harper Jr.,SF,22,TOR,2,8,22.9,.750,.750,.000,0.0,15.0,7.0,0.0,0.0,0.0,0.0,21.1,,0.0,0.0,0.0,.203,,12.6,-0.7,12.0,0.0,harpero02
178,Montrezl Harrell,C,29,PHI,19,235,16.4,.615,.000,.746,10.4,18.3,14.3,6.4,0.8,3.1,13.4,18.4,,0.4,0.3,0.7,.149,,-2.0,-0.7,-2.7,0.0,harremo01
179,Gary Harris,SG,28,ORL,6,155,12.1,.612,.479,.125,3.8,8.0,5.9,11.6,1.3,1.2,15.1,16.8,,0.2,0.1,0.2,.068,,-0.7,-1.6,-2.3,0.0,harriga01
180,Joe Harris,SG,31,BRK,22,564,8.8,.533,.723,.090,2.1,11.1,6.9,9.3,1.0,0.9,7.0,14.8,,0.2,0.4,0.6,.051,,-2.0,-1.0,-3.1,-0.2,harrijo01
181,Kevon Harris,SG,25,ORL,16,193,9.5,.528,.314,.471,10.4,11.7,11.1,5.1,1.8,0.5,18.5,17.1,,0.0,0.1,0.1,.025,,-3.8,-1.6,-5.4,-0.2,harrike01
182,Tobias Harris,PF,30,PHI,21,705,16.2,.570,.387,.148,3.1,19.1,11.1,13.2,1.8,1.2,8.2,21.0,,0.7,1.0,1.8,.120,,0.6,0.4,1.0,0.5,harrito02
183,Josh Hart,SG,27,POR,21,749,12.6,.563,.261,.366,5.8,21.0,13.5,17.0,1.9,0.4,16.9,12.5,,0.8,0.8,1.6,.103,,-1.5,1.4,-0.1,0.4,hartjo01
184,Isaiah Hartenstein,C,24,NYK,22,474,15.4,.592,.165,.211,14.0,19.7,16.8,4.8,1.7,4.5,14.4,12.2,,0.7,0.6,1.3,.131,,-1.2,0.2,-1.0,0.1,harteis01
185,Udonis Haslem,PF,42,MIA,4,24,1.5,.218,.167,.333,9.3,9.8,9.6,0.0,2.0,4.2,0.0,12.6,,-0.1,0.0,0.0,-0.057,,-9.0,-1.7,-10.6,-0.1,hasleud01
186,Sam Hauser,PF,25,BOS,23,384,14.9,.727,.876,.080,2.2,13.8,8.2,6.0,0.8,1.3,5.6,14.3,,0.9,0.3,1.2,.149,,3.0,-0.5,2.5,0.4,hausesa01
187,Jaxson Hayes,C,22,NOP,9,67,3.1,.262,.500,.438,5.0,21.5,13.3,8.8,2.2,1.4,13.6,14.0,,-0.2,0.1,-0.1,-0.047,,-7.3,-0.4,-7.7,-0.1,hayesja02
188,Killian Hayes,PG,21,DET,24,576,9.7,.445,.324,.093,2.0,10.4,6.1,28.3,2.2,1.5,15.9,18.6,,-0.4,0.3,-0.1,-0.012,,-3.4,-0.2,-3.6,-0.2,hayeski01
189,Gordon Hayward,SF,32,CHO,11,355,13.5,.543,.288,.295,2.0,12.6,7.1,20.6,1.0,0.8,14.5,22.7,,0.1,0.2,0.3,.042,,-0.3,-0.8,-1.1,0.1,haywago01
190,Juancho Hernangómez,PF,27,TOR,15,266,11.5,.601,.518,.089,5.2,23.5,13.7,6.7,1.8,1.1,14.7,10.8,,0.2,0.3,0.5,.093,,-1.6,0.9,-0.8,0.1,hernaju01
191,Willy Hernangómez,C,28,NOP,9,79,15.0,.536,.094,.375,17.0,28.0,22.5,3.6,1.2,1.2,19.4,24.8,,0.0,0.1,0.1,.061,,-3.4,-2.8,-6.2,-0.1,hernawi01
192,Tyler Herro,SG,23,MIA,15,498,15.6,.557,.458,.174,2.0,20.6,11.1,20.5,1.1,1.6,13.6,25.9,,0.1,0.6,0.7,.064,,1.3,0.1,1.4,0.4,herroty01
193,Buddy Hield,SG,30,IND,22,682,12.7,.564,.668,.130,3.4,12.1,7.7,12.4,1.5,1.1,12.9,22.3,,0.1,0.5,0.6,.043,,0.4,-1.3,-0.9,0.2,hieldbu01
194,Haywood Highsmith,SF,26,MIA,14,267,6.6,.408,.508,.159,5.4,19.9,12.5,4.6,1.7,1.9,12.9,12.7,,-0.3,0.4,0.0,.002,,-4.5,0.8,-3.7,-0.1,highsha01
195,George Hill,PG,36,MIL,21,423,8.8,.537,.530,.458,1.8,8.1,5.0,15.3,0.9,0.6,12.3,11.3,,0.4,0.4,0.8,.091,,-3.1,0.5,-2.6,-0.1,hillge01
196,Malcolm Hill,SF,27,CHI,3,1,12.2,,,,0.0,100.0,55.7,0.0,0.0,0.0,,0.0,,0.0,0.0,0.0,.144,,-4.8,5.1,0.3,0.0,hillma01
197,Aaron Holiday,PG,26,ATL,21,359,7.6,.529,.353,.153,2.7,6.4,4.5,10.2,1.7,0.7,15.8,12.6,,0.0,0.3,0.3,.042,,-3.9,0.8,-3.1,-0.1,holidaa01
198,Jrue Holiday,PG,32,MIL,17,549,18.9,.546,.399,.149,4.1,12.1,8.2,35.9,2.4,1.4,15.7,26.0,,0.6,0.9,1.5,.132,,2.4,0.6,3.0,0.7,holidjr01
199,Justin Holiday,SG,33,ATL,18,303,6.7,.526,.701,.000,0.4,5.8,3.0,7.3,0.6,1.4,9.3,14.9,,0.0,0.2,0.2,.026,,-3.0,-0.7,-3.7,-0.1,holidju01
200,Richaun Holmes,PF,29,SAC,11,120,9.6,.694,.083,.250,7.9,16.1,12.1,0.0,0.8,0.7,15.8,11.2,,0.1,0.1,0.2,.085,,-3.4,-1.0,-4.4,-0.1,holmeri01
201,Al Horford,C,36,BOS,19,599,14.6,.691,.592,.056,3.9,18.3,11.4,11.8,0.6,2.4,9.3,11.8,,1.3,0.6,1.9,.150,,2.9,0.9,3.8,0.9,horfoal01
202,Talen Horton-Tucker,SG,22,UTA,24,404,11.7,.484,.411,.214,3.0,14.0,8.6,20.2,2.4,1.8,15.2,22.5,,-0.2,0.4,0.2,.029,,-2.5,0.4,-2.1,0.0,hortota01
203,Danuel House Jr.,SF,29,PHI,21,384,8.2,.617,.583,.389,1.2,11.5,6.4,5.8,0.8,1.2,13.4,11.4,,0.2,0.4,0.6,.074,,-2.9,-0.6,-3.5,-0.1,houseda01
204,Caleb Houstan,SF,20,ORL,18,331,6.9,.542,.746,.159,3.6,11.6,7.7,5.7,0.6,0.6,6.9,9.5,,0.2,0.1,0.3,.050,,-2.3,-0.9,-3.2,-0.1,houstca01
205,Trevor Hudgins,PG,23,HOU,1,4,30.3,1.500,1.000,.000,0.0,0.0,0.0,0.0,0.0,0.0,0.0,10.3,,0.0,0.0,0.0,.216,,15.4,1.3,16.7,0.0,hudgitr01
206,Kevin Huerter,SG,24,SAC,20,639,15.1,.642,.626,.207,1.5,10.8,6.3,13.9,1.5,1.2,11.1,18.5,,1.0,0.5,1.5,.114,,1.8,-0.2,1.6,0.6,huertke01
207,De'Andre Hunter,SF,25,ATL,21,648,10.7,.549,.312,.289,2.3,11.8,7.0,4.9,0.5,0.4,8.9,20.3,,0.3,0.5,0.7,.054,,-2.4,-1.4,-3.8,-0.3,huntede01
208,Bones Hyland,PG,22,DEN,14,302,17.1,.559,.526,.234,1.5,9.6,5.5,24.3,1.5,1.2,12.5,31.0,,0.3,0.2,0.5,.074,,2.9,-2.1,0.9,0.2,hylanbo01
209,Serge Ibaka,PF,33,MIL,14,159,11.9,.603,.318,.295,8.2,18.2,13.3,3.5,0.0,3.2,13.9,15.3,,0.1,0.2,0.3,.105,,-3.0,-0.1,-3.1,0.0,ibakase01
210,Brandon Ingram,SF,25,NOP,15,481,18.5,.590,.260,.329,1.6,15.9,8.8,21.9,1.3,2.0,13.7,27.0,,0.7,0.7,1.3,.134,,1.8,0.1,2.0,0.5,ingrabr01
211,Kyrie Irving,PG,30,BRK,16,587,19.1,.591,.427,.212,1.6,10.6,6.4,19.4,1.3,2.2,9.9,28.6,,0.8,0.5,1.3,.106,,2.4,-1.2,1.2,0.5,irvinky01
212,Jaden Ivey,SG,20,DET,20,639,13.4,.518,.347,.321,4.0,12.8,8.2,21.5,1.7,0.8,14.5,24.2,,0.0,0.2,0.2,.014,,-0.9,-1.1,-2.1,0.0,iveyja01
213,Isaiah Jackson,PF,21,IND,21,343,17.3,.618,.041,.608,10.2,20.6,15.3,9.7,1.5,6.3,14.6,17.1,,0.6,0.5,1.0,.144,,-1.6,1.4,-0.3,0.2,jacksis01
214,Jaren Jackson Jr.,C,23,MEM,7,180,25.2,.602,.413,.457,9.3,20.2,14.7,0.9,1.9,11.1,9.8,27.8,,0.4,0.4,0.7,.198,,2.3,2.0,4.3,0.3,jacksja02
215,Justin Jackson,SF,27,BOS,8,45,3.7,.300,.900,.000,0.0,12.3,6.4,5.3,2.2,1.9,0.0,9.8,,-0.1,0.1,0.0,-0.019,,-4.2,0.4,-3.8,0.0,jacksju01
216,Reggie Jackson,PG,32,LAC,23,677,11.7,.544,.407,.153,1.4,8.5,5.1,23.9,1.2,0.4,16.2,20.5,,0.1,0.7,0.8,.056,,-1.8,-0.6,-2.4,-0.1,jacksre01
217,LeBron James,PF,38,LAL,15,532,21.4,.548,.343,.216,4.4,20.5,12.6,31.9,1.6,1.5,12.4,32.0,,0.4,0.7,1.1,.097,,4.3,0.6,4.9,0.9,jamesle01
218,Ty Jerome,SG,25,GSW,9,147,12.5,.700,.500,.353,0.8,5.8,3.4,15.9,0.3,0.6,9.2,12.4,,0.4,0.1,0.4,.145,,0.3,-1.0,-0.7,0.0,jeromty01
219,Isaiah Joe,SG,23,OKC,16,130,19.8,.670,.836,.164,1.6,15.9,8.5,15.6,1.8,0.7,7.8,20.5,,0.4,0.1,0.5,.195,,5.3,0.5,5.8,0.2,joeis01
220,Alize Johnson,PF,26,SAS,2,9,17.5,1.000,.000,.000,11.5,52.8,30.7,0.0,0.0,0.0,0.0,4.6,,0.0,0.0,0.0,.167,,1.3,-1.6,-0.3,0.0,johnsal02
221,Cameron Johnson,PF,26,PHO,8,202,17.2,.592,.614,.133,2.8,12.5,7.6,9.7,2.2,1.3,2.2,19.0,,0.5,0.3,0.7,.170,,3.3,0.9,4.2,0.3,johnsca02
222,Jalen Johnson,SF,21,ATL,21,299,12.3,.529,.318,.176,3.6,20.8,12.1,7.9,2.2,2.0,8.9,14.2,,0.1,0.5,0.6,.094,,-2.5,2.1,-0.5,0.1,johnsja05
223,James Johnson,PF,35,IND,6,58,4.2,.433,.467,.000,0.0,15.2,7.5,11.5,0.8,3.1,6.3,11.3,,0.0,0.0,0.0,.018,,-7.3,0.5,-6.7,-0.1,johnsja01
224,Keldon Johnson,SF,23,SAS,21,678,12.7,.505,.477,.239,3.1,15.2,8.7,14.9,1.3,0.3,10.5,28.4,,-0.4,0.2,-0.2,-0.014,,-0.4,-2.9,-3.4,-0.2,johnske04
225,Keon Johnson,SG,20,POR,6,106,5.4,.441,.511,.133,3.3,12.9,8.1,14.4,2.3,1.7,21.4,25.1,,-0.4,0.1,-0.3,-0.115,,-5.9,-0.7,-6.5,-0.1,johnske07
226,Nikola Jokić,C,27,DEN,19,606,31.2,.707,.169,.451,6.7,28.8,17.7,44.2,1.9,1.7,16.6,26.2,,3.1,0.8,3.9,.307,,7.9,3.7,11.6,2.1,jokicni01
227,Damian Jones,C,27,LAL,11,82,12.5,.531,.048,.476,11.8,21.1,16.5,4.9,0.6,5.0,16.4,15.6,,0.0,0.1,0.1,.079,,-4.0,0.0,-4.0,0.0,jonesda03
228,Derrick Jones Jr.,SF,25,CHI,17,213,14.9,.557,.283,.550,8.2,11.8,9.9,5.1,1.3,5.2,6.3,16.0,,0.3,0.3,0.6,.136,,-1.0,0.7,-0.3,0.1,jonesde02
229,Herbert Jones,SF,24,NOP,17,479,11.9,.543,.345,.380,4.9,9.7,7.3,9.6,2.0,2.7,11.2,16.5,,0.4,0.7,1.0,.105,,-2.1,1.1,-1.0,0.1,joneshe01
230,Kai Jones,C,22,CHO,13,111,12.8,.520,.235,.235,8.3,15.1,11.6,2.6,0.9,5.7,5.1,14.9,,0.1,0.1,0.2,.087,,-3.1,-0.3,-3.5,0.0,joneska01
231,Tre Jones,PG,23,SAS,22,666,14.3,.507,.234,.238,2.5,10.7,6.3,32.3,2.3,0.4,14.3,19.1,,0.6,0.3,0.8,.061,,-1.4,-1.0,-2.4,-0.1,jonestr01
232,Tyus Jones,PG,26,MEM,22,517,14.1,.530,.426,.113,1.8,7.2,4.5,25.5,1.2,0.4,9.7,17.9,,0.8,0.3,1.1,.102,,0.6,-1.0,-0.4,0.2,jonesty01
233,DeAndre Jordan,C,34,DEN,18,289,15.6,.713,.018,.509,12.0,32.0,22.0,8.7,0.5,3.9,26.3,13.7,,0.3,0.3,0.7,.110,,-1.6,0.0,-1.7,0.0,jordade01
234,Cory Joseph,PG,31,DET,18,254,11.7,.517,.377,.182,2.1,4.9,3.5,29.4,1.0,0.3,8.8,15.2,,0.4,0.0,0.3,.065,,-1.6,-2.0,-3.6,-0.1,josepco01
235,Nikola Jović,PF,19,MIA,10,160,11.9,.530,.472,.358,4.9,14.0,9.3,9.3,1.8,0.6,11.5,19.0,,0.1,0.2,0.2,.070,,-2.5,0.3,-2.2,0.0,jovicni01
236,Mfiondu Kabengele,PF,25,BOS,1,8,18.7,.500,.500,.000,44.3,13.8,28.6,0.0,0.0,0.0,0.0,11.0,,0.0,0.0,0.0,.254,,0.5,-7.3,-6.7,0.0,kabenmf01
237,Frank Kaminsky,C,29,ATL,10,61,11.0,.763,.500,.333,0.0,21.5,10.6,12.6,0.0,0.0,17.9,11.6,,0.1,0.1,0.2,.135,,-1.6,1.4,-0.2,0.0,kaminfr01
238,Trevor Keels,SG,19,NYK,1,1,-25.9,.000,1.000,.000,0.0,100.0,52.3,0.0,0.0,0.0,0.0,41.6,,0.0,0.0,0.0,-0.799,,-36.2,-8.5,-44.7,0.0,keelstr01
239,Luke Kennard,SG,26,LAC,14,298,10.2,.664,.600,.038,1.6,13.2,7.7,4.0,1.3,0.0,15.6,14.2,,0.1,0.3,0.5,.077,,-1.8,0.3,-1.5,0.0,kennalu01
240,Walker Kessler,C,21,UTA,22,347,19.6,.724,.000,.529,14.4,21.3,17.9,5.5,0.6,8.3,14.8,12.2,,0.9,0.5,1.4,.188,,0.3,1.4,1.7,0.3,kesslwa01
241,Braxton Key,SF,25,DET,3,9,19.2,1.064,.000,2.000,0.0,12.6,6.1,0.0,0.0,0.0,0.0,8.8,,0.0,0.0,0.0,.241,,2.4,0.4,2.8,0.0,keybr01
242,Corey Kispert,SF,23,WAS,15,396,12.7,.677,.621,.200,2.3,7.6,5.0,9.1,1.2,0.7,8.8,12.5,,0.7,0.2,1.0,.116,,-0.1,-0.3,-0.4,0.1,kispeco01
243,Maxi Kleber,C,31,DAL,17,431,8.4,.575,.616,.192,3.6,13.3,8.4,6.1,0.7,3.2,12.2,9.5,,0.3,0.4,0.7,.073,,-2.3,0.2,-2.1,0.0,klebima01
244,Nathan Knight,PF,25,MIN,9,24,7.2,.481,.333,1.667,0.0,26.5,13.7,0.0,5.9,0.0,27.8,12.6,,-0.1,0.1,0.0,.009,,-7.1,2.2,-4.8,0.0,knighna01
245,Kevin Knox,SF,23,DET,17,227,10.8,.561,.643,.129,3.7,15.0,9.2,4.6,1.3,2.7,9.8,15.3,,0.1,0.1,0.2,.042,,-1.7,-0.4,-2.1,0.0,knoxke01
246,Christian Koloko,C,22,TOR,22,369,10.0,.498,.083,.514,11.2,13.4,12.2,3.2,0.7,7.4,12.8,11.6,,0.2,0.4,0.6,.076,,-5.2,-0.2,-5.4,-0.3,kolokch01
247,John Konchar,SG,26,MEM,21,582,12.7,.608,.626,.094,5.4,19.7,12.4,6.9,1.6,1.1,10.0,11.3,,0.8,0.7,1.5,.125,,-0.1,1.1,0.9,0.4,konchjo01
248,Furkan Korkmaz,SG,25,PHI,12,155,11.9,.577,.500,.354,3.0,9.0,6.0,12.4,1.0,1.2,14.0,18.7,,0.1,0.1,0.2,.073,,-1.5,-1.1,-2.6,0.0,korkmfu01
249,Luke Kornet,C,27,BOS,18,243,17.6,.746,.106,.319,10.7,19.6,15.3,8.2,0.6,6.2,13.0,11.2,,0.7,0.3,1.1,.210,,0.5,1.4,1.9,0.2,kornelu01
250,Vit Krejci,PG,22,ATL,10,54,7.8,.591,.818,.000,2.0,8.1,5.0,11.5,0.0,1.6,8.3,9.4,,0.1,0.0,0.1,.084,,-2.8,0.0,-2.8,0.0,krejcvi01
251,Jonathan Kuminga,PF,20,GSW,19,293,7.6,.503,.394,.277,6.3,14.6,10.6,7.2,1.0,3.1,19.2,18.7,,-0.4,0.3,-0.1,-0.012,,-5.1,-0.8,-5.9,-0.3,kuminjo01
252,Kyle Kuzma,PF,27,WAS,22,761,15.4,.551,.431,.210,2.9,20.9,12.2,16.4,0.5,1.1,11.4,26.3,,0.3,0.7,0.9,.058,,0.5,-1.3,-0.8,0.2,kuzmaky01
253,Anthony Lamb,SF,25,GSW,15,270,11.6,.700,.635,.048,4.7,16.7,10.9,11.6,1.7,0.3,19.9,12.5,,0.3,0.3,0.6,.105,,-0.9,1.0,0.0,0.1,lamban01
254,Jock Landale,C,27,PHO,19,248,17.3,.585,.303,.348,12.7,18.5,15.6,7.9,1.0,5.0,12.8,20.2,,0.4,0.4,0.8,.150,,-1.6,0.1,-1.6,0.0,landajo01
255,Romeo Langford,SG,23,SAS,12,227,9.2,.496,.270,.238,10.0,6.8,8.5,5.3,1.5,1.5,12.6,14.5,,0.0,0.0,0.0,.010,,-3.3,-1.7,-5.0,-0.2,langfro01
256,Jake LaRavia,PF,21,MEM,16,295,8.3,.568,.700,.071,4.6,13.4,9.0,6.9,1.5,0.9,17.2,12.1,,0.1,0.3,0.4,.062,,-3.0,0.4,-2.6,0.0,laravja01
257,Zach LaVine,SG,27,CHI,18,616,15.2,.532,.453,.244,2.3,12.2,7.1,19.7,1.6,0.2,9.9,27.4,,0.2,0.6,0.8,.063,,0.3,-0.7,-0.4,0.2,lavinza01
258,A.J. Lawson,SG,22,MIN,1,2,34.8,1.000,.000,.000,0.0,52.9,27.4,0.0,0.0,0.0,0.0,21.1,,0.0,0.0,0.0,.386,,-2.6,7.3,4.7,0.0,lawsoaj01
259,Damion Lee,SG,30,PHO,22,465,13.0,.647,.662,.158,3.6,15.3,9.4,7.8,1.1,0.2,9.5,14.4,,0.8,0.5,1.3,.135,,1.5,-0.3,1.2,0.4,leeda03
260,Saben Lee,PG,23,PHI,2,10,13.6,.750,.250,.000,0.0,0.0,0.0,39.0,4.9,0.0,42.9,31.4,,0.0,0.0,0.0,-0.076,,-3.7,-0.5,-4.2,0.0,leesa01
261,Alex Len,C,29,SAC,6,20,19.6,.654,.000,.333,17.8,28.4,23.2,7.2,0.0,0.0,0.0,14.6,,0.1,0.0,0.1,.223,,1.0,-2.2,-1.1,0.0,lenal01
262,Kawhi Leonard,SF,31,LAC,5,112,14.4,.493,.333,.289,4.2,15.2,10.0,23.4,1.3,0.8,9.0,21.9,,0.1,0.1,0.2,.086,,-0.6,1.8,1.1,0.1,leonaka01
263,Caris LeVert,SG,28,CLE,19,602,11.1,.495,.405,.255,3.9,12.7,8.4,21.0,1.2,0.3,13.3,19.0,,0.2,0.8,1.0,.083,,-1.8,0.4,-1.4,0.1,leverca01
264,Damian Lillard,PG,32,POR,11,387,21.5,.599,.558,.482,3.0,10.9,7.0,33.8,0.8,0.7,14.8,32.2,,0.9,0.2,1.1,.141,,5.6,-1.8,3.8,0.6,lillada01
265,Nassir Little,PF,22,POR,21,321,11.1,.579,.473,.231,2.5,15.2,8.9,8.4,1.2,0.9,12.3,15.6,,0.2,0.2,0.4,.062,,-1.0,-0.3,-1.3,0.1,littlna01
266,Isaiah Livers,PF,24,DET,22,430,8.4,.567,.779,.192,2.7,10.3,6.4,4.2,1.0,2.5,10.3,12.4,,0.2,0.1,0.3,.033,,-1.8,-0.5,-2.3,0.0,liveris01
267,Kenneth Lofton Jr.,PF,20,MEM,4,19,9.1,.413,.083,.250,5.5,11.3,8.3,25.6,0.0,0.0,7.0,30.8,,0.0,0.0,0.0,-0.050,,-3.8,-2.7,-6.5,0.0,loftoke01
268,Kevon Looney,C,26,GSW,23,526,16.1,.657,.000,.323,12.0,21.8,17.1,17.0,0.9,2.1,8.4,9.5,,1.6,0.6,2.2,.202,,0.7,1.7,2.4,0.6,looneke01
269,Brook Lopez,C,34,MIL,21,653,18.5,.633,.517,.178,5.6,14.1,10.0,5.0,1.0,7.7,9.3,18.1,,1.2,1.2,2.3,.172,,2.1,1.9,4.0,1.0,lopezbr01
270,Robin Lopez,C,34,CLE,17,170,12.2,.674,.000,.300,12.2,6.1,9.1,7.0,0.3,1.1,19.5,14.8,,0.3,0.2,0.4,.127,,-2.3,-0.6,-2.9,0.0,lopezro01
271,Kevin Love,PF,34,CLE,17,354,19.0,.618,.713,.295,4.5,36.9,21.2,18.0,0.4,0.8,11.5,20.8,,0.8,0.7,1.5,.203,,4.4,1.6,5.9,0.7,loveke01
272,Kyle Lowry,PG,36,MIA,23,840,13.6,.573,.602,.367,2.5,12.9,7.6,24.2,1.4,1.7,16.8,18.7,,0.8,0.9,1.7,.099,,0.0,0.6,0.7,0.6,lowryky01
273,Trey Lyles,PF,27,SAC,16,235,12.4,.565,.706,.259,8.6,13.5,11.1,6.9,1.2,2.5,15.2,20.2,,0.0,0.2,0.3,.052,,-0.8,-1.5,-2.3,0.0,lylestr01
274,Théo Maledon,PG,21,CHO,20,334,13.0,.578,.376,.271,1.5,15.1,8.0,22.0,2.5,1.1,20.1,14.9,,0.2,0.4,0.6,.082,,-2.2,1.2,-1.1,0.1,maledth01
275,Sandro Mamukelashvili,C,23,MIL,9,50,5.0,.414,.471,.471,6.5,16.6,11.6,2.7,0.0,0.0,8.9,19.0,,-0.1,0.0,0.0,-0.027,,-6.3,-3.4,-9.7,-0.1,mamuksa01
276,Terance Mann,SG,26,LAC,23,489,13.0,.631,.321,.244,4.3,12.1,8.4,12.6,1.3,0.9,14.7,15.3,,0.6,0.6,1.2,.116,,-1.5,0.8,-0.7,0.2,mannte01
277,Tre Mann,PG,21,OKC,19,430,9.7,.476,.546,.086,2.6,11.1,6.7,11.6,2.0,0.2,9.9,20.6,,-0.3,0.4,0.1,.008,,-3.5,-0.8,-4.4,-0.3,manntr01
278,Boban Marjanović,C,34,HOU,7,25,12.7,.519,.143,.857,4.3,26.4,15.3,5.8,1.9,3.8,17.2,19.1,,0.0,0.0,0.0,.026,,-3.3,-0.3,-3.6,0.0,marjabo01
279,Lauri Markkanen,SF,25,UTA,25,846,21.2,.650,.421,.275,7.4,20.6,14.1,10.2,0.7,1.6,10.6,23.7,,2.3,0.7,3.0,.172,,4.1,-1.2,3.0,1.1,markkla01
280,Naji Marshall,SF,25,NOP,20,403,11.2,.527,.405,.240,4.4,11.8,8.1,12.7,1.6,0.7,11.9,16.0,,0.2,0.5,0.7,.088,,-1.7,0.0,-1.7,0.0,marshna01
281,Caleb Martin,PF,27,MIA,22,707,13.0,.577,.368,.149,6.2,11.8,8.9,9.5,1.9,1.3,10.5,14.9,,0.7,0.8,1.5,.103,,-0.5,0.6,0.1,0.4,martica02
282,Cody Martin,SF,27,CHO,1,1,0.0,,,,0.0,0.0,0.0,0.0,0.0,0.0,,0.0,,0.0,0.0,0.0,-0.002,,-5.4,-1.8,-7.2,0.0,martico01
283,Kenyon Martin Jr.,SF,22,HOU,22,540,14.7,.622,.381,.304,6.2,16.7,11.4,9.0,0.8,1.7,12.8,16.6,,0.8,0.2,1.1,.094,,0.4,-1.0,-0.6,0.2,martike04
284,Tyrese Martin,SG,23,ATL,7,21,14.0,.583,.500,.000,10.2,10.4,10.3,0.0,2.3,0.0,0.0,12.0,,0.0,0.0,0.1,.138,,-0.1,0.4,0.3,0.0,martity01
285,Garrison Mathews,SG,26,HOU,19,257,10.0,.633,.955,.299,0.8,8.6,4.7,3.8,1.7,0.4,7.3,13.1,,0.4,0.1,0.5,.097,,-1.7,-0.1,-1.9,0.0,mathega01
286,Bennedict Mathurin,SG,20,IND,22,613,15.5,.578,.403,.463,5.0,10.5,7.7,8.9,1.0,0.3,10.7,26.8,,0.7,0.3,1.0,.076,,1.0,-2.5,-1.5,0.1,mathube01
287,Wesley Matthews,SG,36,MIL,18,279,6.0,.456,.797,.136,5.8,7.1,6.4,4.5,1.6,1.2,8.8,10.3,,0.0,0.3,0.4,.061,,-4.1,0.9,-3.1,-0.1,matthwe02
288,Tyrese Maxey,SG,22,PHI,15,546,17.3,.569,.374,.238,1.3,9.8,5.5,20.8,1.4,0.7,9.0,27.2,,0.6,0.6,1.2,.102,,1.5,-1.0,0.5,0.3,maxeyty01
289,Miles McBride,PG,22,NYK,10,59,10.0,.421,.455,.182,0.0,3.6,1.8,23.7,3.3,0.0,4.0,17.4,,0.0,0.0,0.0,.030,,-4.2,1.1,-3.1,0.0,mcbrimi01
290,CJ McCollum,SG,31,NOP,18,629,14.4,.488,.396,.108,3.2,12.7,8.0,24.9,1.6,1.5,10.1,24.8,,0.2,0.8,1.0,.076,,0.3,-0.2,0.1,0.3,mccolcj01
291,T.J. McConnell,PG,30,IND,21,377,13.2,.507,.105,.105,4.0,11.4,7.6,33.6,3.2,1.2,23.7,16.9,,0.0,0.4,0.4,.055,,-1.9,1.2,-0.7,0.1,mccontj01
292,Jaden McDaniels,PF,22,MIN,19,568,12.3,.621,.352,.214,5.4,7.5,6.5,6.3,1.7,4.1,14.3,15.1,,0.5,0.6,1.0,.086,,-2.0,0.5,-1.5,0.1,mcdanja02
293,Jalen McDaniels,SF,25,CHO,22,567,11.6,.546,.422,.189,4.2,15.6,9.6,11.8,1.7,1.9,13.3,16.6,,0.2,0.6,0.8,.069,,-2.2,0.5,-1.6,0.0,mcdanja01
294,Doug McDermott,SF,31,SAS,20,414,11.0,.596,.582,.097,1.3,9.2,4.9,10.3,0.2,0.6,10.4,19.2,,0.3,-0.1,0.2,.023,,-0.6,-3.2,-3.8,-0.2,mcderdo01
295,JaVale McGee,C,35,DAL,15,136,14.3,.586,.000,.444,9.7,25.2,17.3,4.8,1.1,5.4,21.8,23.0,,-0.1,0.2,0.1,.037,,-5.2,-0.2,-5.4,-0.1,mcgeeja01
296,Bryce McGowens,SG,20,CHO,7,75,15.0,.626,.400,.450,1.4,7.5,4.3,14.8,1.3,3.6,11.1,15.0,,0.1,0.1,0.2,.129,,0.6,-0.2,0.5,0.0,mcgowbr01
297,Rodney McGruder,SG,31,DET,8,68,6.3,.377,.737,.105,9.4,13.3,11.3,13.9,0.0,0.0,13.1,14.3,,0.0,0.0,-0.1,-0.042,,-1.9,-2.7,-4.6,0.0,mcgruro01
298,Jordan McLaughlin,PG,26,MIN,15,237,13.7,.530,.547,.113,1.9,8.9,5.5,30.5,2.4,0.4,13.9,11.5,,0.4,0.2,0.6,.118,,-0.2,0.7,0.5,0.1,mclaujo01
299,De'Anthony Melton,PG,24,PHI,21,595,13.5,.511,.530,.097,4.7,12.9,8.8,17.2,3.6,1.6,14.4,19.9,,-0.2,1.0,0.9,.069,,-1.4,2.2,0.7,0.4,meltode01
300,Chimezie Metu,C,25,SAC,16,200,15.0,.632,.250,.172,6.5,23.3,15.1,7.8,1.2,1.3,12.7,16.7,,0.3,0.2,0.5,.112,,-0.7,-0.3,-1.1,0.0,metuch01
301,Khris Middleton,SF,31,MIL,1,27,25.1,.715,.364,.182,0.0,7.7,3.9,41.1,0.0,0.0,0.0,18.5,,0.2,0.0,0.2,.360,,8.0,-0.1,7.9,0.1,middlkh01
302,Patty Mills,PG,34,BRK,20,219,12.7,.603,.775,.141,2.8,5.4,4.2,13.3,0.9,0.4,8.5,16.9,,0.3,0.1,0.4,.094,,1.0,-2.0,-1.0,0.1,millspa02
303,Shake Milton,SG,26,PHI,19,460,15.9,.613,.265,.229,4.1,12.4,8.2,23.7,0.6,0.8,16.5,21.3,,0.6,0.4,1.1,.111,,0.5,-1.0,-0.5,0.2,miltosh01
304,Josh Minott,SF,20,MIN,1,5,58.3,1.064,.000,2.000,45.3,21.2,32.8,29.8,0.0,18.0,0.0,15.8,,0.1,0.0,0.1,.836,,26.5,9.1,35.5,0.0,minotjo01
305,Davion Mitchell,PG,24,SAC,20,382,8.8,.550,.453,.094,0.6,6.8,3.8,14.6,1.1,0.9,14.7,15.9,,0.0,0.2,0.2,.028,,-2.7,-0.9,-3.6,-0.2,mitchda01
306,Donovan Mitchell,SG,26,CLE,21,764,24.3,.638,.454,.276,2.7,9.7,6.3,23.9,2.0,1.1,12.1,31.4,,2.3,1.2,3.5,.217,,6.6,1.1,7.6,1.8,mitchdo01
307,Evan Mobley,PF,21,CLE,23,781,17.9,.602,.082,.310,9.9,21.9,16.1,10.9,1.4,3.8,14.7,19.4,,1.1,1.5,2.6,.161,,0.1,1.9,2.1,0.8,mobleev01
308,Isaiah Mobley,PF,23,CLE,7,25,15.7,.563,.250,.000,4.9,46.2,26.2,0.0,2.0,0.0,0.0,14.3,,0.0,0.1,0.1,.170,,0.2,1.4,1.7,0.0,mobleis01
309,Chima Moneke,SF,27,SAC,2,8,-3.3,.347,.000,1.000,29.7,0.0,14.5,16.2,0.0,0.0,41.0,25.9,,0.0,0.0,0.0,-0.269,,-12.9,-8.0,-20.9,0.0,monekch01
310,Malik Monk,SG,24,SAC,20,449,19.1,.619,.516,.214,2.1,9.1,5.7,29.3,1.5,0.7,13.9,25.8,,0.9,0.3,1.3,.134,,3.3,-1.1,2.2,0.5,monkma01
311,Moses Moody,SG,20,GSW,18,267,7.1,.552,.648,.310,2.1,11.2,6.8,4.8,1.2,1.7,19.1,15.7,,-0.2,0.2,0.0,.001,,-3.3,-1.2,-4.6,-0.2,moodymo01
312,Wendell Moore Jr.,SG,21,MIN,5,32,4.1,.398,.500,.300,3.5,16.5,10.3,8.0,1.5,2.8,15.0,17.5,,-0.1,0.0,0.0,-0.050,,-7.6,-1.0,-8.7,-0.1,moorewe01
313,Ja Morant,PG,23,MEM,19,630,24.2,.557,.230,.433,4.1,16.3,10.1,37.7,1.5,0.7,13.0,35.9,,1.4,0.6,2.0,.153,,5.5,0.2,5.6,1.2,moranja01
314,Marcus Morris,PF,33,LAC,21,635,13.6,.557,.446,.124,1.7,15.9,9.1,10.4,1.3,1.1,7.0,19.7,,0.4,0.8,1.3,.096,,-0.5,0.6,0.2,0.4,morrima03
315,Markieff Morris,PF,33,BRK,14,145,9.7,.549,.683,.000,4.2,16.3,10.6,12.9,1.7,1.2,16.3,15.2,,0.0,0.2,0.2,.056,,-1.8,-0.1,-1.9,0.0,morrima02
316,Monte Morris,PG,27,WAS,20,540,14.3,.542,.390,.149,1.9,13.3,7.7,26.2,1.4,0.6,8.9,14.6,,0.9,0.4,1.3,.115,,0.2,0.1,0.2,0.3,morrimo01
317,Trey Murphy III,SF,22,NOP,20,566,16.3,.652,.647,.198,4.7,12.5,8.6,6.0,1.9,1.7,7.7,16.5,,1.2,0.8,2.0,.172,,2.4,0.5,2.9,0.7,murphtr02
318,Dejounte Murray,SG,26,ATL,23,848,18.3,.536,.323,.143,2.0,14.7,8.3,27.1,2.4,0.9,11.7,25.9,,0.7,1.1,1.8,.101,,1.9,0.8,2.8,1.0,murrade01
319,Jamal Murray,PG,25,DEN,18,534,17.3,.539,.332,.184,2.2,12.3,7.2,25.1,1.6,0.5,10.5,27.2,,0.5,0.4,0.9,.082,,0.9,-1.8,-0.9,0.2,murraja01
320,Keegan Murray,SF,22,SAC,18,515,7.8,.514,.574,.125,3.7,12.1,8.0,4.4,1.2,1.8,13.9,17.8,,-0.5,0.4,-0.1,-0.006,,-3.2,-1.3,-4.5,-0.3,murrake02
321,Mike Muscala,C,31,OKC,14,179,14.2,.567,.657,.239,4.0,25.5,14.4,8.4,0.3,3.9,8.6,18.8,,0.2,0.2,0.4,.109,,-0.8,-0.6,-1.4,0.0,muscami01
322,Svi Mykhailiuk,SF,25,NYK,6,16,18.1,.791,.600,.600,0.0,26.5,13.1,0.0,0.0,0.0,13.7,19.0,,0.0,0.0,0.0,.107,,5.5,-0.8,4.7,0.0,mykhasv01
323,Larry Nance Jr.,PF,30,NOP,20,446,18.9,.707,.132,.198,8.3,18.4,13.3,11.3,1.7,3.4,13.2,14.4,,1.1,0.7,1.9,.201,,1.3,1.9,3.1,0.6,nancela02
324,Andrew Nembhard,SG,23,IND,17,373,11.4,.582,.553,.097,2.3,9.5,5.8,21.4,1.9,0.7,14.4,13.7,,0.4,0.3,0.7,.091,,-1.6,0.5,-1.1,0.1,nembhan01
325,Aaron Nesmith,SF,23,IND,18,390,7.9,.502,.587,.190,2.7,13.6,8.1,8.4,1.6,2.3,11.6,16.2,,-0.2,0.3,0.2,.023,,-3.8,-0.3,-4.1,-0.2,nesmiaa01
326,Raul Neto,PG,30,CLE,15,134,12.5,.569,.361,.222,1.8,9.5,5.8,18.0,2.2,0.0,13.2,15.2,,0.2,0.2,0.4,.128,,-2.3,2.3,0.0,0.1,netora01
327,Georges Niang,PF,29,PHI,23,453,13.5,.632,.728,.089,1.3,11.0,6.2,9.0,1.1,1.4,9.3,19.2,,0.5,0.5,1.0,.109,,0.9,-0.5,0.4,0.3,niangge01
328,Daishen Nix,PG,20,HOU,20,297,8.0,.509,.656,.180,2.2,10.0,6.1,21.5,2.4,0.9,29.1,12.8,,-0.2,0.2,0.0,.001,,-3.1,0.1,-3.0,-0.1,nixda01
329,Zeke Nnaji,PF,22,DEN,16,165,13.0,.642,.241,.185,11.2,4.9,8.0,1.7,0.9,0.6,12.0,17.5,,0.3,0.1,0.3,.092,,-2.6,-3.0,-5.6,-0.2,nnajize01
330,Nerlens Noel,C,28,DET,6,62,8.3,.373,.000,.308,5.1,29.2,16.8,6.5,3.9,2.8,16.9,12.1,,-0.1,0.1,0.0,.001,,-5.5,2.2,-3.3,0.0,noelne01
331,Jaylen Nowell,SG,23,MIN,22,394,15.2,.518,.416,.140,4.0,12.6,8.5,17.7,1.7,0.5,8.2,27.3,,0.1,0.3,0.4,.051,,-0.1,-1.4,-1.5,0.0,nowelja01
332,Frank Ntilikina,PG,24,DAL,5,29,9.3,.438,.625,.000,0.0,21.1,10.4,14.8,3.5,0.0,11.1,14.1,,0.0,0.0,0.0,.034,,-5.7,3.2,-2.5,0.0,ntilila01
333,Kendrick Nunn,PG,27,LAL,19,253,4.1,.448,.509,.080,0.4,10.1,5.4,13.4,0.4,0.3,17.1,23.2,,-0.7,0.2,-0.6,-0.106,,-6.2,-2.7,-8.9,-0.4,nunnke01
334,Jusuf Nurkić,C,28,POR,19,557,17.5,.581,.154,.353,11.0,28.0,19.5,14.7,1.2,2.6,17.4,22.2,,0.5,0.7,1.2,.107,,-0.5,0.2,-0.3,0.2,nurkiju01
335,Jordan Nwora,SF,24,MIL,19,349,8.6,.476,.525,.217,4.6,16.3,10.6,8.5,0.7,0.7,11.5,17.9,,-0.1,0.4,0.3,.041,,-2.8,-0.8,-3.6,-0.1,nworajo01
336,Royce O'Neale,SF,29,BRK,24,855,10.2,.541,.644,.111,2.8,13.6,8.5,17.4,1.6,1.6,16.1,13.7,,0.3,0.9,1.2,.068,,-1.2,0.4,-0.7,0.3,onealro01
337,Chuma Okeke,PF,24,ORL,18,392,10.2,.509,.690,.241,6.3,15.8,11.2,9.1,1.4,2.2,8.6,11.7,,0.3,0.3,0.6,.073,,-1.5,0.4,-1.1,0.1,okekech01
338,Josh Okogie,SG,24,PHO,18,112,6.1,.367,.452,.323,10.0,17.4,13.7,6.5,3.1,3.9,20.3,16.9,,-0.3,0.2,0.0,-0.019,,-7.2,1.8,-5.4,-0.1,okogijo01
339,Onyeka Okongwu,C,22,ATL,22,450,17.0,.670,.018,.318,10.9,20.6,15.7,6.9,1.3,3.3,12.6,13.4,,1.0,0.6,1.7,.176,,-1.1,0.9,-0.1,0.2,okongon01
340,Isaac Okoro,SG,22,CLE,23,448,6.1,.519,.459,.329,3.6,9.5,6.6,4.2,1.7,0.8,14.9,11.4,,-0.1,0.7,0.6,.063,,-5.1,1.5,-3.6,-0.2,okorois01
341,KZ Okpala,PF,23,SAC,12,94,9.3,.666,.500,.286,5.1,12.1,8.6,6.5,1.0,1.8,6.0,7.6,,0.2,0.1,0.2,.124,,-1.9,0.9,-1.0,0.0,okpalkz01
342,Kelly Olynyk,PF,31,UTA,25,706,16.3,.694,.423,.368,5.4,13.4,9.4,15.0,2.2,2.1,19.3,17.2,,1.4,0.7,2.1,.145,,0.8,1.2,2.1,0.7,olynyke01
343,Eugene Omoruyi,SF,25,OKC,8,95,11.9,.621,.394,.333,6.4,9.2,7.7,3.0,1.5,0.0,11.7,18.8,,0.1,0.1,0.2,.091,,-3.3,-1.6,-5.0,-0.1,omorueu01
344,Cedi Osman,SF,27,CLE,23,528,10.3,.573,.572,.199,1.6,13.6,7.8,10.2,0.6,0.5,11.3,17.2,,0.4,0.7,1.0,.092,,-1.6,0.2,-1.5,0.1,osmande01
345,Kelly Oubre Jr.,SF,27,CHO,22,697,16.1,.525,.420,.197,5.0,13.3,9.0,6.7,2.6,0.8,5.7,26.3,,0.4,0.8,1.2,.081,,0.3,-0.2,0.0,0.3,oubreke01
346,Chris Paul,PG,37,PHO,10,302,17.5,.522,.434,.447,1.9,15.2,8.5,38.6,2.8,0.6,14.2,15.0,,0.7,0.4,1.2,.187,,1.3,2.3,3.6,0.4,paulch01
347,Cameron Payne,PG,28,PHO,20,522,14.8,.533,.404,.157,1.5,9.5,5.4,30.1,2.1,0.8,15.2,24.2,,0.3,0.6,0.9,.085,,0.3,-0.7,-0.5,0.2,payneca01
348,Theo Pinson,SG,27,DAL,5,16,9.6,.694,.500,1.000,0.0,38.2,18.9,8.5,0.0,0.0,25.8,11.0,,0.0,0.0,0.0,.087,,-3.9,0.7,-3.2,0.0,pinsoth01
349,Scotty Pippen Jr.,PG,22,LAL,2,8,-0.3,.399,.000,2.000,13.4,12.7,13.0,0.0,0.0,0.0,21.0,25.0,,0.0,0.0,0.0,-0.130,,-13.0,-5.9,-18.9,0.0,pippesc02
350,Mason Plumlee,C,32,CHO,22,605,15.9,.590,.000,.689,11.2,24.0,17.3,21.0,1.0,1.9,20.0,14.9,,0.9,0.7,1.5,.122,,-0.9,1.3,0.4,0.4,plumlma01
351,Jakob Poeltl,C,27,SAS,20,545,21.0,.634,.000,.315,14.6,26.1,20.0,19.2,1.6,3.1,19.2,19.0,,0.9,0.4,1.4,.120,,1.2,0.1,1.3,0.4,poeltja01
352,Aleksej Pokusevski,PF,21,OKC,19,436,15.4,.557,.409,.123,7.5,15.5,11.3,9.8,1.4,6.2,13.8,18.0,,0.2,0.5,0.8,.086,,-0.1,0.6,0.6,0.3,pokusal01
353,Jordan Poole,SG,23,GSW,23,629,13.1,.557,.534,.254,1.1,6.5,3.9,23.9,1.5,1.0,16.6,27.3,,0.0,0.4,0.4,.032,,-0.8,-1.9,-2.7,-0.1,poolejo01
354,Kevin Porter Jr.,PG,22,HOU,21,723,14.9,.531,.373,.345,5.0,13.7,9.3,28.2,1.7,1.2,17.9,25.7,,0.3,0.4,0.6,.043,,0.4,-1.4,-1.0,0.2,porteke02
355,Michael Porter Jr.,SF,24,DEN,16,465,16.1,.600,.534,.146,4.7,19.1,11.9,6.2,1.1,1.2,7.6,22.1,,0.7,0.4,1.0,.106,,1.2,-1.8,-0.5,0.2,portemi01
356,Otto Porter Jr.,SF,29,TOR,8,146,14.3,.656,.567,.267,4.3,10.7,7.3,7.5,3.7,0.0,10.7,10.8,,0.3,0.2,0.4,.147,,-1.0,1.6,0.6,0.1,porteot01
357,Bobby Portis,PF,27,MIL,21,560,18.6,.547,.327,.110,10.4,30.9,20.9,12.7,0.7,1.0,7.9,21.0,,0.9,0.9,1.8,.158,,1.9,-0.2,1.7,0.5,portibo01
358,Kristaps Porziņģis,PF,27,WAS,22,713,22.3,.597,.384,.417,7.9,21.6,14.9,12.3,1.2,4.1,9.6,27.0,,1.6,0.9,2.5,.170,,3.3,-0.1,3.2,0.9,porzikr01
359,Micah Potter,PF,24,UTA,2,12,17.4,1.000,.000,.000,9.3,18.1,13.8,11.6,0.0,0.0,0.0,7.0,,0.1,0.0,0.1,.233,,2.0,0.6,2.6,0.0,pottemi01
360,Dwight Powell,C,31,DAL,18,308,14.3,.701,.017,.617,10.5,10.7,10.6,4.4,1.6,2.4,17.3,13.6,,0.6,0.3,0.9,.142,,-2.3,0.2,-2.1,0.0,poweldw01
361,Norman Powell,SG,29,LAC,22,556,14.7,.578,.386,.333,1.9,10.5,6.4,9.7,1.6,1.1,12.1,25.4,,0.2,0.7,0.9,.076,,-0.8,-0.2,-0.9,0.1,powelno01
362,Jason Preston,PG,23,LAC,3,12,14.1,.512,.500,.500,9.8,0.0,4.6,25.6,0.0,0.0,0.0,17.9,,0.0,0.0,0.0,.123,,1.5,-1.7,-0.2,0.0,prestja01
363,Joshua Primo,SG,20,SAS,4,93,6.4,.467,.462,.346,2.2,14.0,7.7,25.0,0.5,1.8,26.9,18.2,,-0.1,0.0,-0.1,-0.068,,-4.5,-2.1,-6.6,-0.1,primojo01
364,Taurean Prince,SF,28,MIN,18,352,9.9,.630,.524,.214,1.9,11.7,7.0,8.2,0.8,1.0,15.7,16.0,,0.2,0.2,0.4,.061,,-2.6,-1.0,-3.6,-0.1,princta02
365,Payton Pritchard,PG,25,BOS,13,154,12.3,.543,.583,.133,6.1,8.6,7.4,13.5,1.6,0.5,14.8,21.4,,0.0,0.1,0.1,.041,,-0.8,-1.9,-2.7,0.0,pritcpa01
366,Immanuel Quickley,PG,23,NYK,22,494,13.6,.512,.475,.254,2.7,17.8,10.2,19.5,2.3,0.6,12.2,19.3,,0.3,0.5,0.8,.077,,-1.3,0.8,-0.5,0.2,quickim01
367,Julius Randle,PF,28,NYK,22,731,18.2,.578,.410,.370,6.9,20.3,13.5,16.0,1.1,0.5,13.4,26.4,,1.0,0.6,1.6,.108,,2.1,-0.9,1.2,0.6,randlju01
368,Austin Reaves,SG,24,LAL,21,608,13.2,.705,.465,.527,2.8,8.7,5.8,9.6,0.7,0.9,12.2,12.5,,1.3,0.4,1.7,.135,,-0.3,-0.2,-0.5,0.2,reaveau01
369,Cam Reddish,SF,23,NYK,19,429,11.5,.573,.409,.250,1.7,5.9,3.8,6.1,1.7,1.7,7.6,15.4,,0.4,0.2,0.7,.075,,-1.6,-0.2,-1.8,0.0,reddica01
370,Davon Reed,SG,27,DEN,17,186,3.2,.433,.569,.196,1.9,14.9,8.4,5.9,1.3,1.0,17.8,15.7,,-0.3,0.1,-0.2,-0.054,,-6.7,-2.1,-8.7,-0.3,reedda01
371,Paul Reed,C,23,PHI,20,240,16.4,.605,.059,.157,13.6,25.6,19.6,7.3,4.5,5.0,22.7,13.2,,0.2,0.6,0.8,.164,,-3.7,3.6,-0.1,0.1,reedpa01
372,Naz Reid,C,23,MIN,16,216,15.9,.603,.396,.253,3.7,16.7,10.4,7.1,1.1,5.4,9.8,21.9,,0.2,0.3,0.5,.103,,-1.1,0.7,-0.4,0.1,reidna01
373,Nick Richards,C,25,CHO,22,426,20.8,.661,.000,.527,16.4,21.3,18.7,5.0,0.2,3.8,11.2,17.6,,1.2,0.4,1.7,.187,,0.9,-1.3,-0.5,0.2,richani01
374,Josh Richardson,SG,29,SAS,17,388,10.8,.543,.548,.219,1.9,9.5,5.4,18.3,1.5,0.4,15.3,20.1,,0.0,0.1,0.1,.013,,-2.1,-2.3,-4.5,-0.2,richajo01
375,Austin Rivers,SG,30,MIN,12,154,4.8,.518,.643,.393,0.0,8.9,4.6,6.4,0.3,0.6,10.9,10.1,,0.0,0.1,0.1,.022,,-4.8,-1.5,-6.3,-0.2,riverau01
376,Duncan Robinson,SF,28,MIA,17,293,6.9,.498,.730,.100,1.5,12.5,6.8,10.5,0.7,0.0,9.5,17.3,,-0.1,0.2,0.1,.019,,-3.6,-1.3,-4.8,-0.2,robindu01
377,Mitchell Robinson,C,24,NYK,14,318,20.3,.689,.000,.415,17.2,17.3,17.3,5.2,1.1,8.4,9.4,11.1,,0.9,0.4,1.3,.201,,1.2,1.1,2.4,0.3,robinmi01
378,Orlando Robinson,C,22,MIA,2,40,11.5,.489,.231,.231,5.6,20.6,12.9,3.8,2.5,2.5,6.5,16.8,,0.0,0.1,0.1,.069,,-5.0,2.6,-2.5,0.0,robinor01
379,Jeremiah Robinson-Earl,PF,22,OKC,21,433,16.1,.603,.471,.159,8.0,17.1,12.4,6.3,1.9,2.0,6.9,15.2,,0.8,0.5,1.3,.145,,0.7,-0.1,0.6,0.3,robinje02
380,Isaiah Roby,PF,24,SAS,18,236,12.6,.543,.427,.240,3.1,21.1,11.5,14.7,1.6,2.2,10.8,16.3,,0.1,0.1,0.3,.054,,-1.5,0.0,-1.5,0.0,robyis01
381,David Roddy,PF,21,MEM,22,406,7.8,.502,.547,.133,4.1,11.3,7.7,3.9,0.9,1.1,10.0,15.1,,0.0,0.3,0.3,.035,,-3.3,-1.0,-4.3,-0.2,roddyda01
382,Ryan Rollins,PG,20,GSW,7,43,-7.7,.472,.533,.133,2.7,15.0,9.0,9.0,0.0,0.0,43.0,27.2,,-0.3,0.0,-0.3,-0.320,,-15.2,-5.9,-21.2,-0.2,rolliry01
383,Derrick Rose,PG,34,NYK,20,271,12.9,.491,.364,.078,3.1,10.6,6.8,21.3,1.2,1.7,11.3,23.1,,0.0,0.2,0.1,.026,,-0.2,-1.2,-1.4,0.0,rosede01
384,Terrence Ross,SG,31,ORL,20,491,8.1,.525,.534,.081,1.4,8.7,5.2,8.1,1.4,0.8,13.5,17.1,,-0.2,0.2,0.0,-0.002,,-3.3,-1.1,-4.4,-0.3,rosste01
385,Terry Rozier,PG,28,CHO,14,524,12.4,.471,.404,.140,3.9,9.8,6.7,24.6,0.9,0.5,10.4,27.6,,-0.3,0.3,0.0,.000,,0.1,-2.0,-2.0,0.0,roziete01
386,D'Angelo Russell,PG,26,MIN,22,688,14.3,.531,.480,.196,2.3,9.2,5.9,30.7,2.0,1.7,16.5,21.9,,0.3,0.6,0.9,.063,,0.3,-0.6,-0.3,0.3,russeda01
387,Matt Ryan,SF,25,LAL,12,129,5.0,.459,.714,.102,1.7,9.5,5.7,4.1,0.7,0.0,5.5,17.7,,-0.1,0.1,0.0,-0.013,,-4.2,-1.8,-6.0,-0.1,ryanma01
388,Domantas Sabonis,PF,26,SAC,20,643,21.3,.649,.116,.546,7.9,31.1,19.8,28.2,1.2,1.2,16.6,20.3,,2.0,0.8,2.7,.203,,2.6,2.2,4.9,1.1,sabondo01
389,Dario Šarić,PF,28,PHO,9,97,7.9,.366,.452,.129,12.7,22.5,17.6,11.5,1.5,1.8,13.2,16.6,,-0.1,0.1,0.0,.024,,-4.6,-0.9,-5.5,-0.1,saricda01
390,Jordan Schakel,SF,24,WAS,2,6,25.2,.750,.500,.000,0.0,0.0,0.0,24.4,8.2,0.0,0.0,14.6,,0.0,0.0,0.0,.327,,7.6,9.7,17.3,0.0,schakjo01
391,Admiral Schofield,PF,25,ORL,12,134,7.8,.576,.636,.000,7.9,9.3,8.6,5.3,0.4,0.7,8.3,11.7,,0.2,0.0,0.2,.065,,-3.2,-2.2,-5.4,-0.1,schofad01
392,Dennis Schröder,PG,29,LAL,7,177,9.7,.528,.313,.375,0.6,6.3,3.5,18.6,1.1,0.0,11.1,14.9,,0.1,0.1,0.2,.064,,-4.2,-0.5,-4.7,-0.1,schrode01
393,Dereon Seabron,SG,22,NOP,2,3,0.0,,,,0.0,0.0,0.0,0.0,0.0,0.0,,0.0,,0.0,0.0,0.0,.019,,-5.5,-3.0,-8.5,0.0,seabrde01
394,Alperen Şengün,C,20,HOU,19,507,21.6,.619,.106,.434,13.9,22.3,18.1,14.7,1.4,3.5,15.7,22.7,,1.1,0.5,1.6,.151,,1.1,-0.4,0.8,0.4,sengual01
395,Collin Sexton,SG,24,UTA,25,603,15.9,.599,.250,.411,3.9,7.2,5.6,18.7,1.2,0.3,13.6,23.5,,1.1,0.3,1.4,.111,,0.1,-1.6,-1.4,0.1,sextoco01
396,Landry Shamet,SG,25,PHO,13,217,9.5,.582,.710,.217,2.1,4.2,3.1,7.8,1.6,0.8,13.7,17.2,,0.1,0.2,0.3,.066,,-1.9,-0.9,-2.7,0.0,shamela01
397,Day'Ron Sharpe,C,21,BRK,14,111,13.7,.539,.100,.400,13.1,27.2,20.5,11.1,1.3,5.5,18.5,17.6,,0.1,0.2,0.3,.109,,-4.1,0.7,-3.4,0.0,sharpda01
398,Shaedon Sharpe,SG,19,POR,21,427,10.0,.562,.359,.138,4.0,9.1,6.6,3.7,0.6,1.1,9.4,17.5,,0.1,0.2,0.3,.037,,-2.0,-1.9,-3.9,-0.2,sharpsh01
399,Pascal Siakam,C,28,TOR,12,417,23.7,.573,.212,.420,5.1,25.4,14.6,33.3,1.3,1.7,11.0,28.5,,1.1,0.5,1.6,.181,,5.0,1.1,6.1,0.9,siakapa01
400,Ben Simmons,PG,26,BRK,17,477,14.9,.615,.010,.327,4.3,21.7,13.5,28.5,2.2,2.2,25.2,14.6,,0.5,0.7,1.3,.129,,-1.6,2.2,0.6,0.3,simmobe01
401,Marko Simonovic,C,23,CHI,1,2,-19.1,.000,1.000,.000,0.0,0.0,0.0,0.0,0.0,0.0,0.0,21.4,,0.0,0.0,0.0,-0.513,,-18.7,-13.8,-32.5,0.0,simonma01
402,Anfernee Simons,SG,23,POR,20,740,17.3,.572,.556,.198,1.1,8.5,4.8,20.9,1.3,0.5,8.8,27.1,,1.2,0.4,1.6,.106,,2.6,-1.6,1.0,0.6,simonan01
403,Jericho Sims,C,24,NYK,15,208,20.4,.771,.000,.244,16.9,19.9,18.4,4.7,1.2,6.7,13.4,10.5,,0.7,0.3,0.9,.214,,0.6,0.7,1.3,0.2,simsje01
404,Marcus Smart,PG,28,BOS,21,690,13.7,.574,.540,.207,1.5,9.2,5.5,30.9,1.6,0.9,17.9,16.8,,1.2,0.6,1.7,.121,,0.1,-0.4,-0.3,0.3,smartma01
405,Dennis Smith Jr.,PG,25,CHO,15,419,14.2,.503,.224,.090,2.2,10.7,6.3,29.4,3.1,2.1,14.2,16.2,,0.2,0.5,0.7,.083,,-2.0,2.3,0.3,0.2,smithde03
406,Dru Smith,SG,25,MIA,3,42,10.3,.500,.333,.000,0.0,19.7,9.6,6.7,3.5,7.3,10.0,10.5,,0.0,0.1,0.1,.089,,-5.0,5.0,0.0,0.0,smithdr01
407,Ish Smith,PG,34,DEN,9,103,8.8,.392,.108,.000,1.1,12.3,6.7,28.1,1.4,4.5,17.8,18.9,,-0.2,0.1,-0.1,-0.031,,-4.2,-0.6,-4.8,-0.1,smithis01
408,Jabari Smith Jr.,PF,19,HOU,21,632,10.0,.503,.565,.183,4.6,20.7,12.6,4.0,0.6,3.1,8.1,17.6,,0.2,0.4,0.5,.042,,-2.2,-1.3,-3.6,-0.3,smithja05
409,Jalen Smith,PF,22,IND,22,519,13.8,.546,.444,.271,8.2,24.3,16.1,6.3,0.5,3.5,11.1,20.5,,0.2,0.5,0.8,.070,,-1.4,-1.4,-2.8,-0.1,smithja04
410,Jeremy Sochan,PF,19,SAS,20,497,9.3,.507,.293,.133,5.4,13.1,9.0,11.1,1.8,1.7,16.3,15.8,,-0.3,0.2,0.0,-0.003,,-4.0,-0.8,-4.8,-0.4,sochaje01
411,Jaden Springer,PG,20,PHI,2,4,53.5,.644,.000,.667,29.1,29.0,29.1,0.0,0.0,23.1,0.0,43.5,,0.0,0.0,0.0,.470,,11.2,7.3,18.5,0.0,sprinja01
412,Lamar Stevens,PF,25,CLE,10,209,10.1,.567,.286,.339,4.1,10.0,7.1,2.7,0.5,2.7,8.5,15.0,,0.2,0.3,0.4,.101,,-2.2,-0.7,-2.9,0.0,stevela01
413,Isaiah Stewart,C,21,DET,17,468,17.2,.596,.462,.462,10.7,26.6,18.4,7.3,0.8,2.3,9.8,17.5,,0.9,0.3,1.2,.127,,1.1,-1.3,-0.2,0.2,stewais01
414,Max Strus,SF,26,MIA,21,704,11.9,.570,.675,.121,1.9,10.7,6.2,8.2,1.3,0.9,8.2,19.0,,0.4,0.7,1.1,.074,,-0.5,-0.4,-0.9,0.2,strusma01
415,Jalen Suggs,PG,21,ORL,14,405,12.3,.508,.439,.226,4.4,8.6,6.5,28.7,2.7,2.1,21.6,23.4,,-0.3,0.4,0.0,.003,,-2.3,-0.6,-2.9,-0.1,suggsja01
416,Edmond Sumner,SG,27,BRK,20,306,12.9,.559,.393,.321,2.0,7.4,4.8,10.8,3.2,1.4,14.7,22.0,,-0.1,0.4,0.3,.050,,-3.2,0.6,-2.7,0.0,sumneed01
417,Cole Swider,SF,23,LAL,1,2,2.2,.000,1.000,.000,0.0,50.9,26.1,57.6,0.0,0.0,0.0,21.0,,0.0,0.0,0.0,-0.239,,-5.5,2.0,-3.5,0.0,swideco01
418,Jae'Sean Tate,SF,27,HOU,3,68,13.4,.574,.250,.200,12.8,8.1,10.4,22.2,2.1,0.0,18.7,16.2,,0.1,0.0,0.1,.099,,-1.5,0.5,-1.0,0.0,tateja01
419,Jayson Tatum,PF,24,BOS,22,811,26.0,.624,.453,.406,3.2,21.0,12.4,19.6,1.1,2.5,8.9,32.5,,2.7,0.9,3.6,.215,,6.1,0.1,6.2,1.7,tatumja01
420,Terry Taylor,SG,23,IND,14,126,6.2,.422,.323,.161,7.6,11.4,9.5,6.2,0.7,2.9,10.8,12.1,,-0.1,0.1,0.0,.008,,-4.8,-1.2,-5.9,-0.1,taylote01
421,Garrett Temple,SG,36,NOP,8,69,11.5,.547,.591,.182,1.6,8.0,4.8,5.7,4.2,1.4,11.2,16.4,,0.0,0.1,0.1,.092,,-2.8,2.3,-0.6,0.0,templga01
422,Dalen Terry,SG,20,CHI,10,33,4.3,.392,.364,.364,0.0,6.9,3.4,19.8,1.4,5.6,23.9,21.8,,-0.1,0.0,-0.1,-0.118,,-5.8,-1.0,-6.8,0.0,terryda01
423,Cam Thomas,SG,21,BRK,18,274,9.7,.490,.240,.458,0.4,9.4,5.2,14.1,1.6,1.0,11.5,21.4,,-0.2,0.2,0.1,.009,,-4.3,-0.9,-5.2,-0.2,thomaca02
424,Klay Thompson,SG,32,GSW,19,571,12.2,.541,.628,.106,1.6,11.4,6.7,11.5,1.0,0.9,9.4,24.9,,-0.1,0.4,0.3,.027,,-0.3,-1.9,-2.3,0.0,thompkl01
425,JT Thor,PF,20,CHO,14,146,6.2,.417,.526,.237,5.6,16.1,10.6,7.2,1.0,3.1,17.7,14.6,,-0.2,0.1,-0.1,-0.026,,-5.1,-0.6,-5.7,-0.1,thorjt01
426,Matisse Thybulle,SG,25,PHI,19,221,5.8,.372,.590,.077,2.6,9.4,6.1,4.8,3.6,2.1,6.9,8.8,,-0.2,0.4,0.2,.040,,-5.5,2.9,-2.6,0.0,thybuma01
427,Xavier Tillman Sr.,PF,24,MEM,9,94,10.7,.528,.167,.417,12.2,13.6,12.9,8.6,0.5,1.9,19.8,15.4,,0.0,0.1,0.1,.032,,-3.0,-0.8,-3.8,0.0,tillmxa01
428,Isaiah Todd,PF,21,WAS,4,13,-3.1,.250,.750,.000,0.0,0.0,0.0,0.0,0.0,0.0,0.0,13.5,,0.0,0.0,0.0,-0.161,,-8.1,-5.6,-13.7,0.0,toddis01
429,Obi Toppin,PF,24,NYK,22,386,13.3,.557,.571,.083,3.8,18.7,11.1,8.6,1.1,1.2,10.0,19.4,,0.2,0.3,0.6,.070,,0.3,-0.9,-0.6,0.1,toppiob01
430,Juan Toscano-Anderson,SF,29,LAL,12,127,3.8,.478,.440,.200,0.8,16.8,9.0,6.0,1.1,1.9,22.7,11.6,,-0.2,0.1,0.0,-0.014,,-7.0,0.6,-6.4,-0.1,toscaju01
431,Karl-Anthony Towns,PF,27,MIN,21,709,19.5,.625,.386,.343,5.6,20.5,13.3,23.9,1.1,1.8,15.7,24.6,,1.4,0.8,2.2,.150,,2.4,0.5,2.8,0.9,townska01
432,Gary Trent Jr.,SG,24,TOR,19,591,14.8,.543,.489,.282,2.3,5.5,3.8,7.3,2.7,0.5,6.9,22.9,,0.6,0.5,1.1,.090,,0.0,-0.4,-0.4,0.2,trentga02
433,P.J. Tucker,PF,37,PHI,23,645,5.2,.565,.536,.058,5.1,12.6,8.8,4.7,1.1,1.0,24.5,6.5,,0.0,0.7,0.7,.052,,-4.2,0.5,-3.7,-0.3,tuckepj01
434,Myles Turner,C,26,IND,17,491,20.6,.657,.348,.428,5.2,25.4,15.1,7.9,1.0,7.9,11.5,20.9,,1.0,0.7,1.7,.168,,1.5,1.5,2.9,0.6,turnemy01
435,Jonas Valančiūnas,C,30,NOP,22,517,20.7,.634,.168,.347,13.0,31.0,22.0,12.9,0.7,1.3,15.6,22.6,,1.2,0.8,2.0,.184,,1.7,-0.4,1.3,0.4,valanjo01
436,Jarred Vanderbilt,PF,23,UTA,23,566,16.0,.637,.163,.237,10.8,26.1,18.6,14.7,2.2,0.8,20.3,13.8,,0.9,0.8,1.7,.143,,-0.2,1.5,1.3,0.5,vandeja01
437,Fred VanVleet,PG,28,TOR,16,584,14.9,.510,.552,.249,1.4,9.7,5.3,26.2,2.3,1.2,9.5,21.3,,0.7,0.6,1.3,.103,,1.2,0.1,1.3,0.5,vanvlfr01
438,Devin Vassell,SG,22,SAS,18,588,17.2,.581,.452,.187,0.7,14.3,7.1,17.1,1.1,1.2,7.7,24.6,,0.8,0.1,1.0,.081,,3.0,-1.7,1.3,0.5,vassede01
439,Gabe Vincent,PG,26,MIA,18,458,9.5,.515,.586,.164,1.2,8.5,4.8,18.1,1.7,0.4,12.8,17.9,,0.0,0.4,0.4,.044,,-3.4,0.0,-3.4,-0.2,vincega01
440,Noah Vonleh,C,27,BOS,15,141,7.0,.546,.136,.091,14.2,17.3,15.8,4.4,0.7,3.6,30.4,10.3,,0.0,0.2,0.2,.060,,-5.8,-0.3,-6.1,-0.1,vonleno01
441,Nikola Vučević,C,32,CHI,22,699,17.6,.573,.353,.187,8.0,31.8,19.6,13.9,0.8,2.1,12.8,21.6,,0.7,0.9,1.7,.113,,1.3,0.3,1.6,0.6,vucevni01
442,Dean Wade,PF,26,CLE,17,409,10.0,.602,.667,.155,3.0,16.7,10.0,5.6,1.5,1.4,7.2,10.6,,0.5,0.7,1.1,.132,,-1.3,2.5,1.1,0.3,wadede01
443,Franz Wagner,SF,21,ORL,23,771,16.2,.585,.271,.288,3.1,11.0,7.1,19.7,1.1,0.7,14.1,25.2,,0.9,0.3,1.2,.076,,0.4,-1.6,-1.3,0.1,wagnefr01
444,Moritz Wagner,C,25,ORL,5,116,13.5,.560,.559,.471,10.1,20.4,15.4,17.6,0.8,0.8,18.0,18.8,,0.1,0.1,0.2,.083,,-1.7,-1.1,-2.8,0.0,wagnemo01
445,Ish Wainright,SF,28,PHO,7,83,12.8,.623,.850,.100,10.8,8.3,9.6,7.5,1.8,2.1,8.7,11.7,,0.2,0.1,0.3,.162,,0.3,0.6,0.9,0.1,wainris01
446,Jabari Walker,SF,20,POR,11,90,11.3,.507,.273,.273,7.7,24.0,15.9,14.4,0.6,1.0,10.9,13.5,,0.1,0.1,0.2,.085,,-2.3,0.0,-2.2,0.0,walkeja01
447,Lonnie Walker IV,SG,24,LAL,18,569,14.0,.586,.414,.211,1.3,6.3,3.9,8.3,1.3,1.1,7.3,20.2,,0.6,0.4,1.0,.088,,-0.4,-0.3,-0.7,0.2,walkelo01
448,John Wall,PG,32,LAC,18,403,17.1,.524,.330,.404,1.8,10.8,6.5,40.6,2.1,0.9,15.9,28.8,,0.1,0.5,0.7,.079,,0.7,-0.2,0.5,0.3,walljo01
449,T.J. Warren,SF,29,BRK,1,17,14.2,.455,.182,.000,21.3,6.3,13.4,0.0,2.9,0.0,8.3,31.8,,0.0,0.0,0.0,-0.043,,-3.6,-3.5,-7.1,0.0,warretj01
450,Duane Washington Jr.,SG,22,PHO,14,132,5.7,.449,.500,.026,0.0,6.1,3.0,11.1,0.4,0.7,10.5,27.7,,-0.3,0.1,-0.2,-0.089,,-4.3,-3.8,-8.0,-0.2,washidu02
451,P.J. Washington,PF,24,CHO,22,707,12.8,.548,.426,.213,3.6,12.0,7.6,9.7,1.0,2.5,11.0,21.5,,0.3,0.6,0.8,.055,,-0.7,-0.8,-1.4,0.1,washipj01
452,TyTy Washington Jr.,PG,21,HOU,1,4,5.6,.568,,,0.0,0.0,0.0,0.0,0.0,0.0,0.0,9.0,,0.0,0.0,0.0,.026,,-4.2,-3.9,-8.2,0.0,washity02
453,Yuta Watanabe,SF,28,BRK,14,255,17.7,.781,.609,.130,4.7,13.1,9.2,7.4,0.6,2.4,6.4,13.8,,0.8,0.2,1.0,.181,,3.9,-0.8,3.2,0.3,watanyu01
454,Lindy Waters III,SG,25,OKC,5,69,9.6,.500,.957,.000,2.9,12.6,7.6,3.7,2.1,0.0,0.0,13.9,,0.0,0.1,0.1,.072,,-2.2,-1.0,-3.2,0.0,waterli01
455,Trendon Watford,PF,22,POR,13,226,12.3,.676,.200,.378,5.1,17.6,11.4,12.8,1.5,0.0,21.1,12.9,,0.3,0.2,0.5,.107,,-2.0,0.4,-1.6,0.0,watfotr01
456,Peyton Watson,SG,20,DEN,6,15,4.4,.333,.111,.000,15.4,7.7,11.5,0.0,0.0,0.0,0.0,26.0,,0.0,0.0,0.0,-0.123,,-6.9,-7.4,-14.3,0.0,watsope01
457,Blake Wesley,SG,19,SAS,2,23,20.7,.743,.333,.444,4.5,5.2,4.8,28.5,0.0,0.0,15.7,22.9,,0.1,0.0,0.1,.143,,3.0,-1.7,1.3,0.0,weslebl01
458,Russell Westbrook,PG,34,LAL,20,560,15.0,.492,.312,.305,4.0,15.3,9.8,39.0,1.7,1.2,18.2,28.0,,-0.4,0.7,0.3,.022,,-0.4,-0.5,-0.9,0.2,westbru01
459,Coby White,PG,22,CHI,14,262,10.0,.526,.649,.138,0.8,10.4,5.5,12.4,1.6,0.7,9.9,18.1,,0.0,0.2,0.2,.044,,-2.7,-0.2,-2.8,-0.1,whiteco01
460,Derrick White,SG,28,BOS,23,606,15.9,.648,.547,.246,2.3,10.4,6.5,17.0,1.6,2.1,9.6,16.0,,1.5,0.6,2.1,.165,,1.7,0.9,2.6,0.7,whitede01
461,Jack White,SF,25,DEN,7,24,-1.0,.000,.400,.000,9.6,9.6,9.6,0.0,2.0,7.7,0.0,9.0,,-0.1,0.0,-0.1,-0.103,,-10.2,-1.5,-11.7,-0.1,whiteja03
462,Aaron Wiggins,SG,24,OKC,16,317,12.1,.594,.410,.231,4.2,15.1,9.4,10.6,1.3,1.1,11.3,12.7,,0.4,0.3,0.7,.104,,-1.3,-0.2,-1.5,0.0,wiggiaa01
463,Andrew Wiggins,SF,27,GSW,21,688,16.5,.604,.463,.137,5.3,11.8,8.7,9.9,1.9,2.1,8.4,21.2,,0.9,0.7,1.7,.116,,1.4,-0.1,1.3,0.6,wiggian01
464,Grant Williams,PF,24,BOS,22,627,12.5,.705,.634,.214,3.4,14.7,9.2,8.9,1.1,1.3,11.2,11.4,,1.2,0.6,1.8,.137,,0.5,0.6,1.1,0.5,willigr01
465,Jalen Williams,SG,21,OKC,18,452,12.7,.601,.299,.211,2.5,11.3,6.7,14.1,1.3,1.2,15.3,17.5,,0.4,0.3,0.7,.077,,-2.2,-0.6,-2.8,-0.1,willija06
466,Jaylin Williams,PF,20,OKC,5,35,13.6,.513,.182,.545,14.5,15.5,15.0,11.5,1.4,0.0,12.8,18.6,,0.0,0.0,0.1,.093,,-2.9,-1.1,-4.0,0.0,willija07
467,Kenrich Williams,PF,28,OKC,20,408,12.4,.558,.333,.114,8.2,11.7,9.9,8.7,1.5,0.9,6.8,12.1,,0.6,0.3,0.9,.106,,-1.2,-0.3,-1.5,0.1,willike04
468,Mark Williams,C,21,CHO,3,13,27.9,.661,.000,.429,31.6,34.4,32.9,0.0,0.0,0.0,19.4,33.2,,0.0,0.0,0.0,.178,,1.0,-3.4,-2.4,0.0,willima07
469,Patrick Williams,PF,21,CHI,22,563,10.2,.570,.405,.172,4.6,12.6,8.5,4.4,1.3,3.5,16.2,15.9,,-0.1,0.6,0.6,.047,,-2.4,0.2,-2.2,0.0,willipa01
470,Vince Williams Jr.,SG,22,MEM,5,26,10.9,.438,.750,.000,4.0,8.2,6.1,10.1,3.7,3.5,0.0,12.6,,0.0,0.0,0.1,.105,,-3.1,3.5,0.5,0.0,willivi01
471,Zion Williamson,PF,22,NOP,17,541,25.7,.641,.042,.467,7.6,17.2,12.4,22.3,2.0,1.7,12.6,28.0,,1.7,0.8,2.5,.224,,4.7,1.5,6.1,1.1,willizi01
472,Justise Winslow,SF,26,POR,19,548,10.2,.471,.222,.170,6.3,14.9,10.7,18.5,1.7,1.3,15.0,15.5,,0.0,0.5,0.5,.046,,-2.9,0.5,-2.4,0.0,winslju01
473,James Wiseman,C,21,GSW,11,147,15.6,.614,.000,.451,8.6,22.6,15.8,10.9,0.3,2.4,11.6,19.7,,0.3,0.2,0.4,.132,,-2.3,-0.3,-2.6,0.0,wisemja01
474,Christian Wood,PF,27,DAL,19,494,19.5,.638,.299,.383,5.3,30.7,17.8,8.0,0.8,1.9,15.0,27.1,,0.5,0.7,1.2,.114,,0.9,-0.8,0.1,0.3,woodch01
475,Delon Wright,PG,30,WAS,4,91,16.7,.496,.500,.208,4.9,7.0,6.0,19.3,5.9,3.8,13.2,14.5,,0.0,0.2,0.2,.122,,0.4,6.3,6.7,0.2,wrighde01
476,McKinley Wright IV,PG,24,DAL,1,5,25.9,.250,.250,.000,23.9,24.4,24.2,66.6,10.1,0.0,0.0,36.4,,0.0,0.0,0.0,.032,,-0.8,7.0,6.3,0.0,wrighmc01
477,Thaddeus Young,PF,34,TOR,19,329,16.3,.578,.157,.169,10.6,15.7,13.0,15.6,3.1,0.6,14.4,13.3,,0.5,0.4,1.0,.142,,-0.2,1.7,1.5,0.3,youngth01
478,Trae Young,PG,24,ATL,21,745,22.4,.545,.339,.392,2.4,6.5,4.4,42.2,1.0,0.3,11.8,34.3,,1.6,0.5,2.1,.135,,5.9,-2.0,3.9,1.1,youngtr01
479,Ivica Zubac,C,25,LAC,23,705,16.2,.642,.006,.453,13.0,28.0,20.9,6.3,0.7,5.2,21.4,15.2,,0.8,1.3,2.1,.141,,-1.9,1.4,-0.5,0.3,zubaciv01